participant.id_in_session,participant.code,participant.label,participant._is_bot,participant._index_in_pages,participant._max_page_index,participant._current_app_name,participant._current_page_name,participant.time_started,participant.visited,participant.mturk_worker_id,participant.mturk_assignment_id,participant.payoff,player.id_in_group,player.treatstrategy,player.taskpaid,player.task1roundpaid,player.leader,player.member,player.paid_round_num,player.higheffort,player.prior,player.posteriorsuccess,player.posteriorfailure,player.bsrscoreprior,player.bsrscoreposterior,player.rollbsrprior,player.rollbsrposterior,player.bsrsuccessprior,player.bsrsuccessposterior,player.beliefquestion,player.paidinvest,player.payoffinvest,player.payoffbelief,player.roundpayoff,player.droppedouteffort,player.droppedoutprior,player.droppedoutposterior,player.payoff,group.id_in_subsession,group.param,group.groupreturnsuccess,group.groupreturnfailure,group.leaderhigheffort,group.groupinvestsuccess,group.rollinvest,group.leaderdroppedout,subsession.round_number,session.code,session.label,session.mturk_HITId,session.mturk_HITGroupId,session.comment,session.is_demo
1,01rowk8a,P2,0,74,74,el_end,B_End,2020-10-07 22:55:32.198189+00:00,1,,,20.50,1,0,1,1,1,0,0,0,25,50,100,,,49.34906963603838,96.63290603944468,,,2,1,250,0,250,0,0,0,0.00,1,2,200,0,0,0,0.5775811923363141,0,1,9utu797p,201008 Session 1,,,Session 1 NSM,0
2,kbl83lpz,P4,0,74,74,el_end,B_End,2020-10-07 22:55:40.664562+00:00,1,,,17.50,2,0,1,1,0,1,0,1,75,80,75,43.75,43.75,48.71597506062449,95.64135482414878,0,0,1,1,0,0,0,0,0,0,0.00,1,2,200,0,0,0,0.5775811923363141,0,1,9utu797p,201008 Session 1,,,Session 1 NSM,0
3,ly8h7tut,P5,0,74,74,el_end,B_End,2020-10-07 22:55:54.764067+00:00,1,,,10.00,3,0,1,1,0,1,0,1,100,100,0,0.0,100.0,30.760382337995996,59.63531972843806,0,1,2,1,0,200,0,0,0,0,0.00,1,2,200,0,0,0,0.5775811923363141,0,1,9utu797p,201008 Session 1,,,Session 1 NSM,0
4,u83ckprm,P1,0,74,74,el_end,B_End,2020-10-07 22:55:59.620658+00:00,1,,,32.50,1,0,1,1,1,0,0,0,0,0,0,,,21.583840832764455,37.40808548642606,,,1,1,250,0,250,0,0,0,0.00,2,2,200,0,0,0,0.6721145861385488,0,1,9utu797p,201008 Session 1,,,Session 1 NSM,0
5,e4now4nk,P6,0,74,74,el_end,B_End,2020-10-07 22:56:12.085849+00:00,1,,,17.50,2,0,1,1,0,1,0,1,70,70,30,51.0,91.0,41.76907914877977,41.28126905324373,1,1,2,1,0,200,0,0,0,0,0.00,2,2,200,0,0,0,0.6721145861385488,0,1,9utu797p,201008 Session 1,,,Session 1 NSM,0
6,mjpar8j3,P3,0,74,74,el_end,B_End,2020-10-07 22:56:53.649246+00:00,1,,,20.00,3,0,1,1,0,1,0,0,75,75,75,43.75,43.75,10.61712604358307,5.191183241603348,1,1,1,0,0,200,200,0,0,0,0.00,2,2,200,0,0,0,0.6721145861385488,0,1,9utu797p,201008 Session 1,,,Session 1 NSM,0
7,adguz609,P7,0,74,74,el_end,B_End,2020-10-07 22:58:11.626683+00:00,1,,,17.50,1,0,1,1,1,0,0,1,40,100,0,,,27.265972979765696,67.7097229583398,,,2,1,250,0,250,0,0,0,0.00,3,2,200,0,1,1,0.592974339544959,0,1,9utu797p,201008 Session 1,,,Session 1 NSM,0
8,apnxdqi9,P8,0,74,74,el_end,B_End,2020-10-07 22:58:19.421955+00:00,1,,,0.00,2,0,1,1,0,1,0,0,0,0,0,0.0,0.0,55.94857720891846,62.88676709585086,0,0,2,1,200,0,200,0,0,0,0.00,3,2,200,0,1,1,0.592974339544959,0,1,9utu797p,201008 Session 1,,,Session 1 NSM,0
9,w9gc1dxq,P9,0,74,74,el_end,B_End,2020-10-07 22:58:50.564876+00:00,1,,,5.50,3,0,1,1,0,1,0,0,40,75,25,64.0,93.75,10.698581441073285,45.666076050336244,1,1,2,1,200,200,200,0,0,0,0.00,3,2,200,0,1,1,0.592974339544959,0,1,9utu797p,201008 Session 1,,,Session 1 NSM,0
10,tr84uffm,P10,0,74,74,el_end,B_End,2020-10-07 22:59:10.447733+00:00,1,,,12.50,1,0,1,1,1,0,0,0,10,75,25,,,33.05494745476981,58.43701975309311,,,2,1,250,0,250,0,0,0,0.00,4,2,200,0,0,0,0.6834027596214052,0,1,9utu797p,201008 Session 1,,,Session 1 NSM,0
11,g7l3pf12,P12,0,74,74,el_end,B_End,2020-10-07 22:59:49.906663+00:00,1,,,5.50,2,0,1,1,0,1,0,0,30,70,50,91.0,75.0,27.256654220119316,4.540375970221422,1,1,1,1,0,200,0,0,0,0,0.00,4,2,200,0,0,0,0.6834027596214052,0,1,9utu797p,201008 Session 1,,,Session 1 NSM,0
12,rb6suu11,P13,0,74,74,el_end,B_End,2020-10-07 22:59:51.737124+00:00,1,,,1.25,3,0,1,1,0,1,0,1,75,80,80,43.75,35.999999999999986,96.78925425009868,17.85934778962882,0,1,1,1,0,0,0,0,0,0,0.00,4,2,200,0,0,0,0.6834027596214052,0,1,9utu797p,201008 Session 1,,,Session 1 NSM,0
13,s7fcp6yi,P11,0,74,74,el_end,B_End,2020-10-07 23:00:06.442882+00:00,1,,,16.25,1,0,1,1,1,0,0,1,80,50,50,,,47.564046994848574,88.44996851966579,,,2,1,250,0,250,0,0,0,0.00,5,2,200,0,1,1,0.44904506849711734,0,1,9utu797p,201008 Session 1,,,Session 1 NSM,0
14,lcqfjnek,P14,0,74,74,el_end,B_End,2020-10-07 23:00:11.536315+00:00,1,,,4.00,2,0,1,1,0,1,0,0,100,45,45,100.0,69.75,22.812797183306078,27.47330363239664,1,1,1,0,200,200,200,0,0,0,0.00,5,2,200,0,1,1,0.44904506849711734,0,1,9utu797p,201008 Session 1,,,Session 1 NSM,0
15,qhc0ccp1,P15,0,74,74,el_end,B_End,2020-10-07 23:00:37.496606+00:00,1,,,10.00,3,0,1,1,0,1,0,0,20,50,20,35.999999999999986,75.0,67.8945197488489,53.24600524012249,0,1,2,0,200,200,200,0,0,0,0.00,5,2,200,0,1,1,0.44904506849711734,0,1,9utu797p,201008 Session 1,,,Session 1 NSM,0
16,k9rf73ds,P16,0,74,74,el_end,B_End,2020-10-07 23:00:51.841307+00:00,1,,,29.00,1,0,1,1,1,0,0,0,100,100,100,,,90.42108567702545,35.162543432867764,,,2,1,450,0,450,0,0,0,0.00,6,2,200,0,0,1,0.23474428755557653,0,1,9utu797p,201008 Session 1,,,Session 1 NSM,0
17,eecsmep8,P17,0,74,74,el_end,B_End,2020-10-07 23:01:05.748005+00:00,1,,,0.00,2,0,1,1,0,1,0,1,75,75,50,43.75,43.75,29.60130128610109,7.6081479498771305,1,1,1,1,200,200,200,0,0,0,0.00,6,2,200,0,0,1,0.23474428755557653,0,1,9utu797p,201008 Session 1,,,Session 1 NSM,0
18,rqawlhul,P18,0,74,74,el_end,B_End,2020-10-07 23:01:13.630418+00:00,1,,,15.00,3,0,1,1,0,1,0,1,40,75,25,84.0,43.75,2.677301009940647,6.7343859430082915,1,1,1,0,200,200,200,0,0,0,0.00,6,2,200,0,0,1,0.23474428755557653,0,1,9utu797p,201008 Session 1,,,Session 1 NSM,0
19,crvel23d,P19,0,74,74,el_end,B_End,2020-10-07 23:06:34.658962+00:00,1,,,20.50,1,0,1,1,1,0,0,0,12,19,9,,,88.01843507531524,95.54271870723092,,,2,1,250,0,250,0,0,0,0.00,7,2,200,0,0,0,0.8619260983781091,0,1,9utu797p,201008 Session 1,,,Session 1 NSM,0
20,j6vzkpq9,P20,0,74,74,el_end,B_End,2020-10-07 23:08:31.298541+00:00,1,,,2.50,2,0,1,1,0,1,0,1,50,60,40,75.0,84.0,5.419686088724163,10.104851810663718,1,1,2,0,0,200,200,0,0,0,0.00,7,2,200,0,0,0,0.8619260983781091,0,1,9utu797p,201008 Session 1,,,Session 1 NSM,0
21,be69exmr,P22,0,74,74,el_end,B_End,2020-10-07 23:08:41.210606+00:00,1,,,8.00,3,0,1,1,0,1,0,0,0,10,25,100.0,93.75,67.61196095051277,25.967719334425244,1,1,1,0,0,200,200,0,0,0,0.00,7,2,200,0,0,0,0.8619260983781091,0,1,9utu797p,201008 Session 1,,,Session 1 NSM,0
22,ih8lc7o7,P21,0,74,74,el_end,B_End,2020-10-07 23:09:04.492470+00:00,1,,,26.25,1,0,1,1,1,0,0,0,0,0,100,,,64.45593606895977,48.76197162523862,,,2,1,250,0,250,0,0,0,0.00,8,2,200,0,0,0,0.9088053061217142,0,1,9utu797p,201008 Session 1,,,Session 1 NSM,0
23,apb5htfb,P23,0,74,74,el_end,B_End,2020-10-07 23:10:03.670558+00:00,1,,,11.25,2,0,1,1,0,1,0,0,25,25,25,93.75,93.75,32.29594149767525,46.11300640985202,1,1,2,0,0,200,200,0,0,0,0.00,8,2,200,0,0,0,0.9088053061217142,0,1,9utu797p,201008 Session 1,,,Session 1 NSM,0
24,yul47kmt,P24,0,74,74,el_end,B_End,2020-10-07 23:11:02.487390+00:00,1,,,0.00,3,0,1,1,0,1,0,1,50,90,10,75.0,99.0,78.86206408328803,73.2199393794724,0,1,2,1,0,200,0,0,0,0,0.00,8,2,200,0,0,0,0.9088053061217142,0,1,9utu797p,201008 Session 1,,,Session 1 NSM,0
1,01rowk8a,P2,0,74,74,el_end,B_End,2020-10-07 22:55:32.198189+00:00,1,,,20.50,1,0,1,1,1,0,1,0,,,,,,69.65997767202208,61.645018488317795,,,1,1,300,0,300,0,0,0,0.00,1,1,250,50,0,0,0.5845734367021901,0,2,9utu797p,201008 Session 1,,,Session 1 NSM,0
2,kbl83lpz,P4,0,74,74,el_end,B_End,2020-10-07 22:55:40.664562+00:00,1,,,17.50,2,0,1,1,0,1,1,1,75,80,75,43.75,43.75,7.477446073627892,37.33508687757771,1,1,1,0,50,200,200,0,0,0,0.00,1,1,250,50,0,0,0.5845734367021901,0,2,9utu797p,201008 Session 1,,,Session 1 NSM,0
3,ly8h7tut,P5,0,74,74,el_end,B_End,2020-10-07 22:55:54.764067+00:00,1,,,10.00,3,0,1,1,0,1,1,1,100,100,25,0.0,93.75,78.61761480783349,13.294893160751231,0,1,1,1,50,0,50,0,0,0,0.00,1,1,250,50,0,0,0.5845734367021901,0,2,9utu797p,201008 Session 1,,,Session 1 NSM,0
4,u83ckprm,P1,0,74,74,el_end,B_End,2020-10-07 22:55:59.620658+00:00,1,,,32.50,1,0,1,1,1,0,1,0,,,,,,33.438787249064205,15.485617941667984,,,2,1,500,0,500,0,0,0,0.00,2,1,250,50,0,1,0.08336056983228857,0,2,9utu797p,201008 Session 1,,,Session 1 NSM,0
5,e4now4nk,P6,0,74,74,el_end,B_End,2020-10-07 22:56:12.085849+00:00,1,,,17.50,2,0,1,1,0,1,1,1,55,75,25,69.75,43.75,51.73992477971569,70.40267911108984,1,0,1,1,250,200,250,0,0,0,0.00,2,1,250,50,0,1,0.08336056983228857,0,2,9utu797p,201008 Session 1,,,Session 1 NSM,0
6,mjpar8j3,P3,0,74,74,el_end,B_End,2020-10-07 22:56:53.649246+00:00,1,,,20.00,3,0,1,1,0,1,1,0,75,50,50,43.75,75.0,57.28812527216791,8.786735273608992,0,1,2,1,250,200,250,0,0,0,0.00,2,1,250,50,0,1,0.08336056983228857,0,2,9utu797p,201008 Session 1,,,Session 1 NSM,0
7,adguz609,P7,0,74,74,el_end,B_End,2020-10-07 22:58:11.626683+00:00,1,,,17.50,1,0,1,1,1,0,1,0,,,,,,68.80385821030775,25.17324150204895,,,2,1,250,0,250,0,0,0,0.00,3,2,200,0,0,0,0.5790906173686686,0,2,9utu797p,201008 Session 1,,,Session 1 NSM,0
8,apnxdqi9,P8,0,74,74,el_end,B_End,2020-10-07 22:58:19.421955+00:00,1,,,0.00,2,0,1,1,0,1,1,0,0,0,0,100.0,100.0,76.23529876461798,88.43939171727598,1,1,2,1,0,200,0,0,0,0,0.00,3,2,200,0,0,0,0.5790906173686686,0,2,9utu797p,201008 Session 1,,,Session 1 NSM,0
9,w9gc1dxq,P9,0,74,74,el_end,B_End,2020-10-07 22:58:50.564876+00:00,1,,,5.50,3,0,1,1,0,1,1,0,50,90,20,75.0,96.0,17.930630405579272,81.67347475060511,1,1,1,1,0,200,0,0,0,0,0.00,3,2,200,0,0,0,0.5790906173686686,0,2,9utu797p,201008 Session 1,,,Session 1 NSM,0
10,tr84uffm,P10,0,74,74,el_end,B_End,2020-10-07 22:59:10.447733+00:00,1,,,12.50,1,0,1,1,1,0,1,0,,,,,,78.70413474038115,21.43199445382874,,,2,1,250,0,250,0,0,0,0.00,4,2,200,0,0,0,0.3465224668955287,0,2,9utu797p,201008 Session 1,,,Session 1 NSM,0
11,g7l3pf12,P12,0,74,74,el_end,B_End,2020-10-07 22:59:49.906663+00:00,1,,,5.50,2,0,1,1,0,1,1,0,0,100,0,100.0,100.0,0.3665869834296065,13.779832542766169,1,1,2,1,0,200,0,0,0,0,0.00,4,2,200,0,0,0,0.3465224668955287,0,2,9utu797p,201008 Session 1,,,Session 1 NSM,0
12,rb6suu11,P13,0,74,74,el_end,B_End,2020-10-07 22:59:51.737124+00:00,1,,,1.25,3,0,1,1,0,1,1,0,50,75,25,75.0,93.75,31.995587010584302,87.9964711093927,1,1,2,1,0,200,0,0,0,0,0.00,4,2,200,0,0,0,0.3465224668955287,0,2,9utu797p,201008 Session 1,,,Session 1 NSM,0
13,s7fcp6yi,P11,0,74,74,el_end,B_End,2020-10-07 23:00:06.442882+00:00,1,,,16.25,1,0,1,1,1,0,1,0,,,,,,36.04874420583932,43.77163734390444,,,1,1,300,0,300,0,0,0,0.00,5,3,300,50,0,0,0.9068556739072703,0,2,9utu797p,201008 Session 1,,,Session 1 NSM,0
14,lcqfjnek,P14,0,74,74,el_end,B_End,2020-10-07 23:00:11.536315+00:00,1,,,4.00,2,0,1,1,0,1,1,0,51,30,25,73.99,93.75,51.727806101321036,6.064649580089032,1,1,2,1,50,200,50,0,0,0,0.00,5,3,300,50,0,0,0.9068556739072703,0,2,9utu797p,201008 Session 1,,,Session 1 NSM,0
15,qhc0ccp1,P15,0,74,74,el_end,B_End,2020-10-07 23:00:37.496606+00:00,1,,,10.00,3,0,1,1,0,1,1,0,10,40,10,99.0,99.0,93.35698655741402,26.85429110247317,1,1,1,0,50,200,200,0,0,0,0.00,5,3,300,50,0,0,0.9068556739072703,0,2,9utu797p,201008 Session 1,,,Session 1 NSM,0
16,k9rf73ds,P16,0,74,74,el_end,B_End,2020-10-07 23:00:51.841307+00:00,1,,,29.00,1,0,1,1,1,0,1,0,,,,,,11.369676996870492,74.4083233192439,,,1,1,550,0,550,0,0,0,0.00,6,3,300,50,0,1,0.03934457859145113,0,2,9utu797p,201008 Session 1,,,Session 1 NSM,0
17,eecsmep8,P17,0,74,74,el_end,B_End,2020-10-07 23:01:05.748005+00:00,1,,,0.00,2,0,1,1,0,1,1,1,85,70,85,27.750000000000007,51.0,31.8403550957601,52.29363186846334,0,0,2,0,300,0,0,0,0,0,0.00,6,3,300,50,0,1,0.03934457859145113,0,2,9utu797p,201008 Session 1,,,Session 1 NSM,0
18,rqawlhul,P18,0,74,74,el_end,B_End,2020-10-07 23:01:13.630418+00:00,1,,,15.00,3,0,1,1,0,1,1,1,40,75,25,84.0,43.75,41.10559552025991,82.63634127689316,1,0,2,1,300,0,300,0,0,0,0.00,6,3,300,50,0,1,0.03934457859145113,0,2,9utu797p,201008 Session 1,,,Session 1 NSM,0
19,crvel23d,P19,0,74,74,el_end,B_End,2020-10-07 23:06:34.658962+00:00,1,,,20.50,1,0,1,1,1,0,1,0,,,,,,4.049026049782456,52.20590231883367,,,2,1,300,0,300,0,0,0,0.00,7,1,250,50,0,0,0.31514953052799144,0,2,9utu797p,201008 Session 1,,,Session 1 NSM,0
20,j6vzkpq9,P20,0,74,74,el_end,B_End,2020-10-07 23:08:31.298541+00:00,1,,,2.50,2,0,1,1,0,1,1,1,60,70,40,64.0,84.0,19.11132790410004,71.84321319492287,1,1,2,1,50,200,50,0,0,0,0.00,7,1,250,50,0,0,0.31514953052799144,0,2,9utu797p,201008 Session 1,,,Session 1 NSM,0
21,be69exmr,P22,0,74,74,el_end,B_End,2020-10-07 23:08:41.210606+00:00,1,,,8.00,3,0,1,1,0,1,1,0,35,25,33,87.75,89.11,44.21119291713841,93.71982275557515,1,0,2,1,50,0,50,0,0,0,0.00,7,1,250,50,0,0,0.31514953052799144,0,2,9utu797p,201008 Session 1,,,Session 1 NSM,0
22,ih8lc7o7,P21,0,74,74,el_end,B_End,2020-10-07 23:09:04.492470+00:00,1,,,26.25,1,0,1,1,1,0,1,0,,,,,,60.19352551092274,96.84752502762966,,,2,1,500,0,500,0,0,0,0.00,8,1,250,50,0,1,0.05802675307673977,0,2,9utu797p,201008 Session 1,,,Session 1 NSM,0
23,apb5htfb,P23,0,74,74,el_end,B_End,2020-10-07 23:10:03.670558+00:00,1,,,11.25,2,0,1,1,0,1,1,0,0,0,0,100.0,100.0,27.170091560929976,54.77403027538787,1,1,2,0,250,200,200,0,0,0,0.00,8,1,250,50,0,1,0.05802675307673977,0,2,9utu797p,201008 Session 1,,,Session 1 NSM,0
24,yul47kmt,P24,0,74,74,el_end,B_End,2020-10-07 23:11:02.487390+00:00,1,,,0.00,3,0,1,1,0,1,1,1,70,90,10,51.0,18.999999999999993,35.39808348986254,85.00764211603824,1,0,2,0,250,0,0,0,0,0,0.00,8,1,250,50,0,1,0.05802675307673977,0,2,9utu797p,201008 Session 1,,,Session 1 NSM,0
1,01rowk8a,P2,0,74,74,el_end,B_End,2020-10-07 22:55:32.198189+00:00,1,,,20.50,1,0,1,1,1,0,2,0,,,,,,38.8912261142331,56.63069792196691,,,2,1,250,0,250,0,0,0,0.00,1,2,200,0,0,0,0.606234841015247,0,3,9utu797p,201008 Session 1,,,Session 1 NSM,0
2,kbl83lpz,P4,0,74,74,el_end,B_End,2020-10-07 22:55:40.664562+00:00,1,,,17.50,2,0,1,1,0,1,2,1,75,100,75,43.75,43.75,27.52844442937793,14.676046496688755,1,1,2,0,0,200,200,0,0,0,0.00,1,2,200,0,0,0,0.606234841015247,0,3,9utu797p,201008 Session 1,,,Session 1 NSM,0
3,ly8h7tut,P5,0,74,74,el_end,B_End,2020-10-07 22:55:54.764067+00:00,1,,,10.00,3,0,1,1,0,1,2,0,25,100,25,93.75,93.75,96.47237560877751,36.14259618337694,0,1,1,1,0,0,0,0,0,0,0.00,1,2,200,0,0,0,0.606234841015247,0,3,9utu797p,201008 Session 1,,,Session 1 NSM,0
4,u83ckprm,P1,0,74,74,el_end,B_End,2020-10-07 22:55:59.620658+00:00,1,,,32.50,1,0,1,1,1,0,2,0,,,,,,19.2167883171795,99.51578005044578,,,1,1,300,0,300,0,0,0,0.00,2,3,300,50,0,0,0.92576874797443,0,3,9utu797p,201008 Session 1,,,Session 1 NSM,0
5,e4now4nk,P6,0,74,74,el_end,B_End,2020-10-07 22:56:12.085849+00:00,1,,,17.50,2,0,1,1,0,1,2,0,55,50,50,69.75,75.0,90.75035259616746,69.42988834469841,0,1,1,0,50,0,0,0,0,0,0.00,2,3,300,50,0,0,0.92576874797443,0,3,9utu797p,201008 Session 1,,,Session 1 NSM,0
6,mjpar8j3,P3,0,74,74,el_end,B_End,2020-10-07 22:56:53.649246+00:00,1,,,20.00,3,0,1,1,0,1,2,0,50,80,50,75.0,75.0,57.474953701840505,24.112775455716474,1,1,1,1,50,200,50,0,0,0,0.00,2,3,300,50,0,0,0.92576874797443,0,3,9utu797p,201008 Session 1,,,Session 1 NSM,0
7,adguz609,P7,0,74,74,el_end,B_End,2020-10-07 22:58:11.626683+00:00,1,,,17.50,1,0,1,1,1,0,2,0,,,,,,38.98929835486518,41.720715937345624,,,2,1,300,0,300,0,0,0,0.00,3,1,250,50,0,0,0.4076688195907082,0,3,9utu797p,201008 Session 1,,,Session 1 NSM,0
8,apnxdqi9,P8,0,74,74,el_end,B_End,2020-10-07 22:58:19.421955+00:00,1,,,0.00,2,0,1,1,0,1,2,0,0,0,0,100.0,100.0,63.89768898042688,23.861582167953188,1,1,2,0,50,200,200,0,0,0,0.00,3,1,250,50,0,0,0.4076688195907082,0,3,9utu797p,201008 Session 1,,,Session 1 NSM,0
9,w9gc1dxq,P9,0,74,74,el_end,B_End,2020-10-07 22:58:50.564876+00:00,1,,,5.50,3,0,1,1,0,1,2,0,25,80,10,93.75,99.0,72.17050646755955,0.2669684616512624,1,1,1,0,50,200,200,0,0,0,0.00,3,1,250,50,0,0,0.4076688195907082,0,3,9utu797p,201008 Session 1,,,Session 1 NSM,0
10,tr84uffm,P10,0,74,74,el_end,B_End,2020-10-07 22:59:10.447733+00:00,1,,,12.50,1,0,1,1,1,0,2,0,,,,,,9.688097149862173,24.12541532258523,,,2,1,300,0,300,0,0,0,0.00,4,3,300,50,0,0,0.9786302340897574,0,3,9utu797p,201008 Session 1,,,Session 1 NSM,0
11,g7l3pf12,P12,0,74,74,el_end,B_End,2020-10-07 22:59:49.906663+00:00,1,,,5.50,2,0,1,1,0,1,2,0,20,100,20,96.0,96.0,39.300248852043815,23.151493229593957,1,1,1,0,50,200,200,0,0,0,0.00,4,3,300,50,0,0,0.9786302340897574,0,3,9utu797p,201008 Session 1,,,Session 1 NSM,0
12,rb6suu11,P13,0,74,74,el_end,B_End,2020-10-07 22:59:51.737124+00:00,1,,,1.25,3,0,1,1,0,1,2,0,50,75,25,75.0,93.75,61.89281170693577,33.52407168772721,1,1,2,1,50,200,50,0,0,0,0.00,4,3,300,50,0,0,0.9786302340897574,0,3,9utu797p,201008 Session 1,,,Session 1 NSM,0
13,s7fcp6yi,P11,0,74,74,el_end,B_End,2020-10-07 23:00:06.442882+00:00,1,,,16.25,1,0,1,1,1,0,2,0,,,,,,14.056848526759946,66.21836030634888,,,2,1,300,0,300,0,0,0,0.00,5,1,250,50,0,0,0.4111278339526663,0,3,9utu797p,201008 Session 1,,,Session 1 NSM,0
14,lcqfjnek,P14,0,74,74,el_end,B_End,2020-10-07 23:00:11.536315+00:00,1,,,4.00,2,0,1,1,0,1,2,0,20,45,20,96.0,96.0,57.84157876027676,60.982842986514164,1,1,1,1,50,200,50,0,0,0,0.00,5,1,250,50,0,0,0.4111278339526663,0,3,9utu797p,201008 Session 1,,,Session 1 NSM,0
15,qhc0ccp1,P15,0,74,74,el_end,B_End,2020-10-07 23:00:37.496606+00:00,1,,,10.00,3,0,1,1,0,1,2,0,10,40,10,99.0,99.0,76.70396396157851,36.78800719599645,1,1,1,0,50,200,200,0,0,0,0.00,5,1,250,50,0,0,0.4111278339526663,0,3,9utu797p,201008 Session 1,,,Session 1 NSM,0
16,k9rf73ds,P16,0,74,74,el_end,B_End,2020-10-07 23:00:51.841307+00:00,1,,,29.00,1,0,1,1,1,0,2,0,,,,,,9.906443523003738,61.09733983642799,,,2,1,450,0,450,0,0,0,0.00,6,2,200,0,0,1,0.1498876988961536,0,3,9utu797p,201008 Session 1,,,Session 1 NSM,0
17,eecsmep8,P17,0,74,74,el_end,B_End,2020-10-07 23:01:05.748005+00:00,1,,,0.00,2,0,1,1,0,1,2,0,30,60,40,91.0,64.0,30.86069106864252,50.36720740328492,1,1,2,0,200,200,200,0,0,0,0.00,6,2,200,0,0,1,0.1498876988961536,0,3,9utu797p,201008 Session 1,,,Session 1 NSM,0
18,rqawlhul,P18,0,74,74,el_end,B_End,2020-10-07 23:01:13.630418+00:00,1,,,15.00,3,0,1,1,0,1,2,1,30,75,25,91.0,43.75,28.81623774375994,98.77219453534377,1,0,1,1,200,200,200,0,0,0,0.00,6,2,200,0,0,1,0.1498876988961536,0,3,9utu797p,201008 Session 1,,,Session 1 NSM,0
19,crvel23d,P19,0,74,74,el_end,B_End,2020-10-07 23:06:34.658962+00:00,1,,,20.50,1,0,1,1,1,0,2,0,,,,,,23.689677445410496,2.108097044320556,,,2,1,250,0,250,0,0,0,0.00,7,2,200,0,0,0,0.49594737053278204,0,3,9utu797p,201008 Session 1,,,Session 1 NSM,0
20,j6vzkpq9,P20,0,74,74,el_end,B_End,2020-10-07 23:08:31.298541+00:00,1,,,2.50,2,0,1,1,0,1,2,1,60,70,40,64.0,84.0,12.305258404361297,33.00990561404933,1,1,2,0,0,200,200,0,0,0,0.00,7,2,200,0,0,0,0.49594737053278204,0,3,9utu797p,201008 Session 1,,,Session 1 NSM,0
21,be69exmr,P22,0,74,74,el_end,B_End,2020-10-07 23:08:41.210606+00:00,1,,,8.00,3,0,1,1,0,1,2,1,40,60,30,84.0,91.0,94.84032559356048,3.626002326668143,0,1,2,1,0,200,0,0,0,0,0.00,7,2,200,0,0,0,0.49594737053278204,0,3,9utu797p,201008 Session 1,,,Session 1 NSM,0
22,ih8lc7o7,P21,0,74,74,el_end,B_End,2020-10-07 23:09:04.492470+00:00,1,,,26.25,1,0,1,1,1,0,2,0,,,,,,24.109093084037482,0.4428908758883132,,,1,1,300,0,300,0,0,0,0.00,8,3,300,50,0,0,0.5487747567645986,0,3,9utu797p,201008 Session 1,,,Session 1 NSM,0
23,apb5htfb,P23,0,74,74,el_end,B_End,2020-10-07 23:10:03.670558+00:00,1,,,11.25,2,0,1,1,0,1,2,0,25,25,25,93.75,93.75,82.04325171397412,42.23833147888859,1,1,1,1,50,200,50,0,0,0,0.00,8,3,300,50,0,0,0.5487747567645986,0,3,9utu797p,201008 Session 1,,,Session 1 NSM,0
24,yul47kmt,P24,0,74,74,el_end,B_End,2020-10-07 23:11:02.487390+00:00,1,,,0.00,3,0,1,1,0,1,2,1,90,90,10,18.999999999999993,99.0,91.86516865740053,71.97026967444693,0,1,2,1,50,200,50,0,0,0,0.00,8,3,300,50,0,0,0.5487747567645986,0,3,9utu797p,201008 Session 1,,,Session 1 NSM,0
1,01rowk8a,P2,0,74,74,el_end,B_End,2020-10-07 22:55:32.198189+00:00,1,,,20.50,1,0,1,1,1,0,3,1,,,,,,91.40293832487475,76.45658037134467,,,2,1,350,0,350,0,0,0,0.00,1,3,300,50,1,1,0.479783134848612,0,4,9utu797p,201008 Session 1,,,Session 1 NSM,0
2,kbl83lpz,P4,0,74,74,el_end,B_End,2020-10-07 22:55:40.664562+00:00,1,,,17.50,2,0,1,1,0,1,3,1,100,100,75,100.0,100.0,13.138371238443957,83.40643350609423,1,1,1,0,300,200,200,0,0,0,0.00,1,3,300,50,1,1,0.479783134848612,0,4,9utu797p,201008 Session 1,,,Session 1 NSM,0
3,ly8h7tut,P5,0,74,74,el_end,B_End,2020-10-07 22:55:54.764067+00:00,1,,,10.00,3,0,1,1,0,1,3,0,100,75,25,100.0,93.75,61.132785771447686,29.33086945431199,1,1,1,0,300,200,200,0,0,0,0.00,1,3,300,50,1,1,0.479783134848612,0,4,9utu797p,201008 Session 1,,,Session 1 NSM,0
4,u83ckprm,P1,0,74,74,el_end,B_End,2020-10-07 22:55:59.620658+00:00,1,,,32.50,1,0,1,1,1,0,3,0,,,,,,76.46173105321373,48.41519898002717,,,1,1,250,0,250,0,0,0,0.00,2,2,200,0,0,0,0.5475195800344282,0,4,9utu797p,201008 Session 1,,,Session 1 NSM,0
5,e4now4nk,P6,0,74,74,el_end,B_End,2020-10-07 22:56:12.085849+00:00,1,,,17.50,2,0,1,1,0,1,3,1,75,60,40,43.75,84.0,20.165530449808276,9.801481643871757,1,1,1,0,0,200,200,0,0,0,0.00,2,2,200,0,0,0,0.5475195800344282,0,4,9utu797p,201008 Session 1,,,Session 1 NSM,0
6,mjpar8j3,P3,0,74,74,el_end,B_End,2020-10-07 22:56:53.649246+00:00,1,,,20.00,3,0,1,1,0,1,3,1,100,100,100,0.0,0.0,49.47017906890897,14.70454511152518,0,0,2,0,0,0,0,0,0,0,0.00,2,2,200,0,0,0,0.5475195800344282,0,4,9utu797p,201008 Session 1,,,Session 1 NSM,0
7,adguz609,P7,0,74,74,el_end,B_End,2020-10-07 22:58:11.626683+00:00,1,,,17.50,1,0,1,1,1,0,3,0,,,,,,29.825220942710683,11.442143986107512,,,1,1,300,0,300,0,0,0,0.00,3,3,300,50,0,0,0.3140784025995633,0,4,9utu797p,201008 Session 1,,,Session 1 NSM,0
8,apnxdqi9,P8,0,74,74,el_end,B_End,2020-10-07 22:58:19.421955+00:00,1,,,0.00,2,0,1,1,0,1,3,0,20,20,20,96.0,96.0,87.74282743212358,49.08575533195244,1,1,2,0,50,200,200,0,0,0,0.00,3,3,300,50,0,0,0.3140784025995633,0,4,9utu797p,201008 Session 1,,,Session 1 NSM,0
9,w9gc1dxq,P9,0,74,74,el_end,B_End,2020-10-07 22:58:50.564876+00:00,1,,,5.50,3,0,1,1,0,1,3,0,10,90,10,99.0,99.0,48.98538274211363,4.948023811388325,1,1,2,0,50,200,200,0,0,0,0.00,3,3,300,50,0,0,0.3140784025995633,0,4,9utu797p,201008 Session 1,,,Session 1 NSM,0
10,tr84uffm,P10,0,74,74,el_end,B_End,2020-10-07 22:59:10.447733+00:00,1,,,12.50,1,0,1,1,1,0,3,0,,,,,,59.107634681090495,34.09049578979706,,,1,1,300,0,300,0,0,0,0.00,4,1,250,50,0,0,0.7816438212663154,0,4,9utu797p,201008 Session 1,,,Session 1 NSM,0
11,g7l3pf12,P12,0,74,74,el_end,B_End,2020-10-07 22:59:49.906663+00:00,1,,,5.50,2,0,1,1,0,1,3,0,50,50,50,75.0,75.0,82.30529182519479,6.997682458140986,0,1,1,1,50,0,50,0,0,0,0.00,4,1,250,50,0,0,0.7816438212663154,0,4,9utu797p,201008 Session 1,,,Session 1 NSM,0
12,rb6suu11,P13,0,74,74,el_end,B_End,2020-10-07 22:59:51.737124+00:00,1,,,1.25,3,0,1,1,0,1,3,0,50,75,100,75.0,0.0,39.92018489033568,90.47284275045222,1,0,2,0,50,0,0,0,0,0,0.00,4,1,250,50,0,0,0.7816438212663154,0,4,9utu797p,201008 Session 1,,,Session 1 NSM,0
13,s7fcp6yi,P11,0,74,74,el_end,B_End,2020-10-07 23:00:06.442882+00:00,1,,,16.25,1,0,1,1,1,0,3,1,,,,,,14.245096253791212,90.97088327891875,,,2,1,50,0,50,0,0,0,0.00,5,2,200,0,1,0,0.7917720520654565,0,4,9utu797p,201008 Session 1,,,Session 1 NSM,0
14,lcqfjnek,P14,0,74,74,el_end,B_End,2020-10-07 23:00:11.536315+00:00,1,,,4.00,2,0,1,1,0,1,3,1,51,20,0,75.99000000000001,0.0,97.74740682030578,99.52844797324056,0,0,2,0,0,0,0,0,0,0,0.00,5,2,200,0,1,0,0.7917720520654565,0,4,9utu797p,201008 Session 1,,,Session 1 NSM,0
15,qhc0ccp1,P15,0,74,74,el_end,B_End,2020-10-07 23:00:37.496606+00:00,1,,,10.00,3,0,1,1,0,1,3,0,10,40,10,18.999999999999993,18.999999999999993,40.143173243055905,99.08040635421632,0,0,1,0,0,0,0,0,0,0,0.00,5,2,200,0,1,0,0.7917720520654565,0,4,9utu797p,201008 Session 1,,,Session 1 NSM,0
16,k9rf73ds,P16,0,74,74,el_end,B_End,2020-10-07 23:00:51.841307+00:00,1,,,29.00,1,0,1,1,1,0,3,0,,,,,,72.78686359797928,8.48705333077685,,,1,1,300,0,300,0,0,0,0.00,6,1,250,50,0,0,0.4846359071494095,0,4,9utu797p,201008 Session 1,,,Session 1 NSM,0
17,eecsmep8,P17,0,74,74,el_end,B_End,2020-10-07 23:01:05.748005+00:00,1,,,0.00,2,0,1,1,0,1,3,0,30,40,30,91.0,91.0,73.65386456100966,28.202198276393474,1,1,1,0,50,200,200,0,0,0,0.00,6,1,250,50,0,0,0.4846359071494095,0,4,9utu797p,201008 Session 1,,,Session 1 NSM,0
18,rqawlhul,P18,0,74,74,el_end,B_End,2020-10-07 23:01:13.630418+00:00,1,,,15.00,3,0,1,1,0,1,3,1,30,75,25,91.0,93.75,77.67275108671569,78.75686270536939,1,1,1,0,50,200,200,0,0,0,0.00,6,1,250,50,0,0,0.4846359071494095,0,4,9utu797p,201008 Session 1,,,Session 1 NSM,0
19,crvel23d,P19,0,74,74,el_end,B_End,2020-10-07 23:06:34.658962+00:00,1,,,20.50,1,0,1,1,1,0,3,0,,,,,,49.690069350989084,10.249629614808809,,,2,1,300,0,300,0,0,0,0.00,7,3,300,50,0,0,0.9330569610476116,0,4,9utu797p,201008 Session 1,,,Session 1 NSM,0
20,j6vzkpq9,P20,0,74,74,el_end,B_End,2020-10-07 23:08:31.298541+00:00,1,,,2.50,2,0,1,1,0,1,3,1,60,70,40,64.0,84.0,39.011765650338944,15.413946050397985,1,1,2,0,50,200,200,0,0,0,0.00,7,3,300,50,0,0,0.9330569610476116,0,4,9utu797p,201008 Session 1,,,Session 1 NSM,0
21,be69exmr,P22,0,74,74,el_end,B_End,2020-10-07 23:08:41.210606+00:00,1,,,8.00,3,0,1,1,0,1,3,1,75,80,32,43.75,89.75999999999999,74.81001681373914,14.372154271989467,0,1,2,1,50,200,50,0,0,0,0.00,7,3,300,50,0,0,0.9330569610476116,0,4,9utu797p,201008 Session 1,,,Session 1 NSM,0
22,ih8lc7o7,P21,0,74,74,el_end,B_End,2020-10-07 23:09:04.492470+00:00,1,,,26.25,1,0,1,1,1,0,3,0,,,,,,28.068075329069806,50.01208351710823,,,2,1,250,0,250,0,0,0,0.00,8,2,200,0,0,0,0.6869419024910263,0,4,9utu797p,201008 Session 1,,,Session 1 NSM,0
23,apb5htfb,P23,0,74,74,el_end,B_End,2020-10-07 23:10:03.670558+00:00,1,,,11.25,2,0,1,1,0,1,3,0,25,25,25,93.75,93.75,87.30228198245268,43.91549573529109,1,1,1,1,0,200,0,0,0,0,0.00,8,2,200,0,0,0,0.6869419024910263,0,4,9utu797p,201008 Session 1,,,Session 1 NSM,0
24,yul47kmt,P24,0,74,74,el_end,B_End,2020-10-07 23:11:02.487390+00:00,1,,,0.00,3,0,1,1,0,1,3,0,0,100,0,100.0,100.0,41.38212150683096,10.484725506215087,1,1,2,1,0,200,0,0,0,0,0.00,8,2,200,0,0,0,0.6869419024910263,0,4,9utu797p,201008 Session 1,,,Session 1 NSM,0
1,mahz01se,P1,0,74,74,el_end,B_End,2020-10-08 00:51:55.670277+00:00,1,,,22.50,1,1,2,1,1,0,0,0,0,50,0,,,41.49927185013003,41.77186358857568,,,1,1,250,0,250,0,0,0,0.00,1,2,200,0,0,0,0.880623435359878,0,1,qkirjm3k,201008 Session 2,,,Session 2 SM,0
2,xaotb2ij,P3,0,73,74,el_end,A_Dropout,2020-10-08 00:52:13.235192+00:00,1,,,0.00,2,1,2,1,0,1,0,1,50,50,50,75.0,75.0,91.67834836123062,99.68531436101523,0,0,1,1,0,0,0,0,0,0,0.00,1,2,200,0,0,0,0.880623435359878,0,1,qkirjm3k,201008 Session 2,,,Session 2 SM,0
3,zmqjx9n5,P2,0,74,74,el_end,B_End,2020-10-08 00:52:21.451341+00:00,1,,,15.00,3,1,2,1,0,1,0,1,100,100,50,0.0,75.0,89.67525838480611,20.379569801338548,0,1,2,0,0,200,200,0,0,0,0.00,1,2,200,0,0,0,0.880623435359878,0,1,qkirjm3k,201008 Session 2,,,Session 2 SM,0
4,lhu3zunt,P4,0,74,74,el_end,B_End,2020-10-08 00:52:22.491501+00:00,1,,,6.00,1,1,2,1,1,0,0,1,50,70,50,,,64.17038618778743,35.350960034704826,,,2,1,250,0,250,0,0,0,0.00,2,2,200,0,1,1,0.44029781109932065,0,1,qkirjm3k,201008 Session 2,,,Session 2 SM,0
5,ex48getp,P5,0,74,74,el_end,B_End,2020-10-08 00:52:54.112927+00:00,1,,,8.75,2,1,2,1,0,1,0,1,60,70,40,84.0,91.0,69.64549361996212,11.881621873320992,1,1,2,0,200,200,200,0,0,0,0.00,2,2,200,0,1,1,0.44029781109932065,0,1,qkirjm3k,201008 Session 2,,,Session 2 SM,0
6,fhoyjsdk,P6,0,74,74,el_end,B_End,2020-10-08 00:53:08.752224+00:00,1,,,12.50,3,1,2,1,0,1,0,0,50,70,40,75.0,91.0,85.40154178624235,22.154780905777194,0,1,1,0,200,0,0,0,0,0,0.00,2,2,200,0,1,1,0.44029781109932065,0,1,qkirjm3k,201008 Session 2,,,Session 2 SM,0
7,cp7tbvfo,P8,0,74,74,el_end,B_End,2020-10-08 00:55:58.576823+00:00,1,,,7.50,1,1,2,1,1,0,0,0,20,70,30,,,24.062112833744308,37.19116973548682,,,1,1,250,0,250,0,0,0,0.00,3,2,200,0,0,0,0.3059418492515781,0,1,qkirjm3k,201008 Session 2,,,Session 2 SM,0
8,csdemn83,P7,0,74,74,el_end,B_End,2020-10-08 00:55:59.397197+00:00,1,,,9.00,2,1,2,1,0,1,0,0,40,70,20,84.0,96.0,71.37374127983442,71.42219402987507,1,1,1,1,0,200,0,0,0,0,0.00,3,2,200,0,0,0,0.3059418492515781,0,1,qkirjm3k,201008 Session 2,,,Session 2 SM,0
9,st5qot3t,P9,0,74,74,el_end,B_End,2020-10-08 00:56:26.514044+00:00,1,,,9.00,3,1,2,1,0,1,0,0,75,75,25,43.75,93.75,44.40382048801559,73.8812668284688,0,1,1,0,0,0,0,0,0,0,0.00,3,2,200,0,0,0,0.3059418492515781,0,1,qkirjm3k,201008 Session 2,,,Session 2 SM,0
10,nsx5u7nu,P12,0,74,74,el_end,B_End,2020-10-08 00:57:42.186817+00:00,1,,,15.00,1,1,2,1,1,0,0,0,10,20,5,,,41.969917450110195,94.12800112164365,,,1,1,250,0,250,0,0,0,0.00,4,2,200,0,0,0,0.35435443941769407,0,1,qkirjm3k,201008 Session 2,,,Session 2 SM,0
11,fypw7k1w,P11,0,74,74,el_end,B_End,2020-10-08 00:58:09.361774+00:00,1,,,13.00,2,1,2,1,0,1,0,1,90,90,90,18.999999999999993,18.999999999999993,26.741284162257216,89.49577453715925,0,0,1,1,0,0,0,0,0,0,0.00,4,2,200,0,0,0,0.35435443941769407,0,1,qkirjm3k,201008 Session 2,,,Session 2 SM,0
12,zh49wm62,P10,0,74,74,el_end,B_End,2020-10-08 00:59:45.366587+00:00,1,,,9.30,3,1,2,1,0,1,0,0,0,0,0,100.0,100.0,19.112027959838706,67.7605049547108,1,1,1,0,0,200,200,0,0,0,0.00,4,2,200,0,0,0,0.35435443941769407,0,1,qkirjm3k,201008 Session 2,,,Session 2 SM,0
13,8ja5znw5,P13,0,74,74,el_end,B_End,2020-10-08 01:00:07.918124+00:00,1,,,14.50,1,1,2,1,1,0,0,1,50,100,70,,,32.18141912074493,85.59208945478213,,,2,1,250,0,250,0,0,0,0.00,5,2,200,0,1,1,0.3163899918037004,0,1,qkirjm3k,201008 Session 2,,,Session 2 SM,0
14,j6be3pxa,P14,0,74,74,el_end,B_End,2020-10-08 01:00:14.590482+00:00,1,,,12.50,2,1,2,1,0,1,0,0,100,10,100,100.0,18.999999999999993,23.797177606029674,18.317775159412097,1,1,2,0,200,200,200,0,0,0,0.00,5,2,200,0,1,1,0.3163899918037004,0,1,qkirjm3k,201008 Session 2,,,Session 2 SM,0
15,agln9ymk,P17,0,74,74,el_end,B_End,2020-10-08 01:01:07.822242+00:00,1,,,15.00,3,1,2,1,0,1,0,0,20,75,25,35.999999999999986,93.75,36.15156467428717,18.47858521403807,0,1,1,1,200,0,200,0,0,0,0.00,5,2,200,0,1,1,0.3163899918037004,0,1,qkirjm3k,201008 Session 2,,,Session 2 SM,0
16,09rebxff,P18,0,74,74,el_end,B_End,2020-10-08 01:01:10.749136+00:00,1,,,12.50,1,1,2,1,1,0,0,0,0,0,0,,,71.30718659173485,45.69937107831337,,,1,1,250,0,250,0,0,0,0.00,6,2,200,0,0,0,0.6564020877907156,0,1,qkirjm3k,201008 Session 2,,,Session 2 SM,0
17,sc5e0t3s,P15,0,74,74,el_end,B_End,2020-10-08 01:01:10.709524+00:00,1,,,7.50,2,1,2,1,0,1,0,0,10,10,0,99.0,100.0,35.908006715702555,17.170720482210655,1,1,1,1,0,200,0,0,0,0,0.00,6,2,200,0,0,0,0.6564020877907156,0,1,qkirjm3k,201008 Session 2,,,Session 2 SM,0
18,wyfvvubi,P16,0,74,74,el_end,B_End,2020-10-08 01:01:21.127662+00:00,1,,,15.00,3,1,2,1,0,1,0,0,0,0,0,100.0,100.0,97.84773465956455,0.7659831071075374,1,1,2,0,0,200,200,0,0,0,0.00,6,2,200,0,0,0,0.6564020877907156,0,1,qkirjm3k,201008 Session 2,,,Session 2 SM,0
19,lks8s73y,,0,73,74,el_end,A_Dropout,2020-10-08 01:06:08.592129+00:00,1,,,0.00,1,1,2,1,1,0,0,,,,,,,,,,,,,,,,0,0,0,0.00,7,2,200,0,,,,0,1,qkirjm3k,201008 Session 2,,,Session 2 SM,0
20,t1r349rd,,0,73,74,el_end,A_Dropout,2020-10-08 01:06:08.651876+00:00,1,,,0.00,2,1,2,1,0,1,0,,,,,,,,,,,,,,,,0,0,0,0.00,7,2,200,0,,,,0,1,qkirjm3k,201008 Session 2,,,Session 2 SM,0
21,s7ak09y2,,0,73,74,el_end,A_Dropout,2020-10-08 01:06:08.715674+00:00,1,,,0.00,3,1,2,1,0,1,0,,,,,,,,,,,,,,,,0,0,0,0.00,7,2,200,0,,,,0,1,qkirjm3k,201008 Session 2,,,Session 2 SM,0
22,wyrouc3n,,0,73,74,el_end,A_Dropout,2020-10-08 01:06:08.763589+00:00,1,,,0.00,1,1,2,1,1,0,0,,,,,,,,,,,,,,,,0,0,0,0.00,8,2,200,0,,,,0,1,qkirjm3k,201008 Session 2,,,Session 2 SM,0
23,riqm26xk,,0,73,74,el_end,A_Dropout,2020-10-08 01:06:08.806140+00:00,1,,,0.00,2,1,2,1,0,1,0,,,,,,,,,,,,,,,,0,0,0,0.00,8,2,200,0,,,,0,1,qkirjm3k,201008 Session 2,,,Session 2 SM,0
24,xb9mzeg1,,0,73,74,el_end,A_Dropout,2020-10-08 01:06:08.856258+00:00,1,,,0.00,3,1,2,1,0,1,0,,,,,,,,,,,,,,,,0,0,0,0.00,8,2,200,0,,,,0,1,qkirjm3k,201008 Session 2,,,Session 2 SM,0
1,mahz01se,P1,0,74,74,el_end,B_End,2020-10-08 00:51:55.670277+00:00,1,,,22.50,1,1,2,1,1,0,1,0,0,50,0,,,46.55738523317841,23.95534847585604,,,2,1,300,0,300,0,0,0,0.00,1,1,250,50,0,0,0.30865553262437695,0,2,qkirjm3k,201008 Session 2,,,Session 2 SM,0
2,xaotb2ij,P3,0,73,74,el_end,A_Dropout,2020-10-08 00:52:13.235192+00:00,1,,,0.00,2,1,2,1,0,1,1,1,50,50,50,75.0,75.0,90.8286836485044,59.65016170682672,0,1,2,1,50,200,50,0,0,0,0.00,1,1,250,50,0,0,0.30865553262437695,0,2,qkirjm3k,201008 Session 2,,,Session 2 SM,0
3,zmqjx9n5,P2,0,74,74,el_end,B_End,2020-10-08 00:52:21.451341+00:00,1,,,15.00,3,1,2,1,0,1,1,1,100,100,50,0.0,75.0,43.940794266579296,2.438939079525315,0,1,1,1,50,0,50,0,0,0,0.00,1,1,250,50,0,0,0.30865553262437695,0,2,qkirjm3k,201008 Session 2,,,Session 2 SM,0
4,lhu3zunt,P4,0,74,74,el_end,B_End,2020-10-08 00:52:22.491501+00:00,1,,,6.00,1,1,2,1,1,0,1,1,70,85,50,,,2.511982938447288,25.68009427142335,,,1,1,300,0,300,0,0,0,0.00,2,1,250,50,1,1,0.6013404235086963,0,2,qkirjm3k,201008 Session 2,,,Session 2 SM,0
5,ex48getp,P5,0,74,74,el_end,B_End,2020-10-08 00:52:54.112927+00:00,1,,,8.75,2,1,2,1,0,1,1,1,60,70,40,84.0,91.0,88.44356889613081,61.0781584200432,0,1,2,1,250,200,250,0,0,0,0.00,2,1,250,50,1,1,0.6013404235086963,0,2,qkirjm3k,201008 Session 2,,,Session 2 SM,0
6,fhoyjsdk,P6,0,74,74,el_end,B_End,2020-10-08 00:53:08.752224+00:00,1,,,12.50,3,1,2,1,0,1,1,0,40,70,30,64.0,91.0,99.76281186038757,46.296246483164225,0,1,1,1,250,0,250,0,0,0,0.00,2,1,250,50,1,1,0.6013404235086963,0,2,qkirjm3k,201008 Session 2,,,Session 2 SM,0
7,cp7tbvfo,P8,0,74,74,el_end,B_End,2020-10-08 00:55:58.576823+00:00,1,,,7.50,1,1,2,1,1,0,1,0,10,80,20,,,92.38611249171986,15.481832710782617,,,1,1,250,0,250,0,0,0,0.00,3,2,200,0,0,0,0.5362343387727319,0,2,qkirjm3k,201008 Session 2,,,Session 2 SM,0
8,csdemn83,P7,0,74,74,el_end,B_End,2020-10-08 00:55:59.397197+00:00,1,,,9.00,2,1,2,1,0,1,1,1,70,70,20,51.0,96.0,87.51535471758126,10.151487707789075,0,1,2,1,0,200,0,0,0,0,0.00,3,2,200,0,0,0,0.5362343387727319,0,2,qkirjm3k,201008 Session 2,,,Session 2 SM,0
9,st5qot3t,P9,0,74,74,el_end,B_End,2020-10-08 00:56:26.514044+00:00,1,,,9.00,3,1,2,1,0,1,1,0,50,75,25,75.0,93.75,68.43835370076151,61.764806656292926,1,1,1,1,0,200,0,0,0,0,0.00,3,2,200,0,0,0,0.5362343387727319,0,2,qkirjm3k,201008 Session 2,,,Session 2 SM,0
10,nsx5u7nu,P12,0,74,74,el_end,B_End,2020-10-08 00:57:42.186817+00:00,1,,,15.00,1,1,2,1,1,0,1,0,5,10,5,,,90.71600782385538,9.126485436210185,,,2,1,250,0,250,0,0,0,0.00,4,2,200,0,0,0,0.9174683655967881,0,2,qkirjm3k,201008 Session 2,,,Session 2 SM,0
11,fypw7k1w,P11,0,74,74,el_end,B_End,2020-10-08 00:58:09.361774+00:00,1,,,13.00,2,1,2,1,0,1,1,1,90,90,90,18.999999999999993,18.999999999999993,84.12302695046051,62.07271140580024,0,0,2,1,0,0,0,0,0,0,0.00,4,2,200,0,0,0,0.9174683655967881,0,2,qkirjm3k,201008 Session 2,,,Session 2 SM,0
12,zh49wm62,P10,0,74,74,el_end,B_End,2020-10-08 00:59:45.366587+00:00,1,,,9.30,3,1,2,1,0,1,1,0,0,0,0,100.0,100.0,39.3432034462175,19.370149457197527,1,1,1,1,0,200,0,0,0,0,0.00,4,2,200,0,0,0,0.9174683655967881,0,2,qkirjm3k,201008 Session 2,,,Session 2 SM,0
13,8ja5znw5,P13,0,74,74,el_end,B_End,2020-10-08 01:00:07.918124+00:00,1,,,14.50,1,1,2,1,1,0,1,0,60,100,10,,,16.037332510127513,34.053855253866985,,,1,1,300,0,300,0,0,0,0.00,5,3,300,50,0,0,0.26460940444735037,0,2,qkirjm3k,201008 Session 2,,,Session 2 SM,0
14,j6be3pxa,P14,0,74,74,el_end,B_End,2020-10-08 01:00:14.590482+00:00,1,,,12.50,2,1,2,1,0,1,1,1,50,90,0,75.0,100.0,39.65334404379441,6.124775437629193,1,1,1,1,50,200,50,0,0,0,0.00,5,3,300,50,0,0,0.26460940444735037,0,2,qkirjm3k,201008 Session 2,,,Session 2 SM,0
15,agln9ymk,P17,0,74,74,el_end,B_End,2020-10-08 01:01:07.822242+00:00,1,,,15.00,3,1,2,1,0,1,1,1,75,75,25,43.75,93.75,18.725211263319974,17.350636100631345,1,1,2,0,50,200,200,0,0,0,0.00,5,3,300,50,0,0,0.26460940444735037,0,2,qkirjm3k,201008 Session 2,,,Session 2 SM,0
16,09rebxff,P18,0,74,74,el_end,B_End,2020-10-08 01:01:10.749136+00:00,1,,,12.50,1,1,2,1,1,0,1,0,10,10,10,,,1.9386804172327077,64.55067635797084,,,1,1,300,0,300,0,0,0,0.00,6,3,300,50,0,0,0.37310768604117817,0,2,qkirjm3k,201008 Session 2,,,Session 2 SM,0
17,sc5e0t3s,P15,0,74,74,el_end,B_End,2020-10-08 01:01:10.709524+00:00,1,,,7.50,2,1,2,1,0,1,1,0,0,0,0,100.0,100.0,20.641065007624672,30.454523128430388,1,1,2,1,50,200,50,0,0,0,0.00,6,3,300,50,0,0,0.37310768604117817,0,2,qkirjm3k,201008 Session 2,,,Session 2 SM,0
18,wyfvvubi,P16,0,74,74,el_end,B_End,2020-10-08 01:01:21.127662+00:00,1,,,15.00,3,1,2,1,0,1,1,0,0,0,0,100.0,100.0,94.11589187437295,63.67449087094849,1,1,2,0,50,200,200,0,0,0,0.00,6,3,300,50,0,0,0.37310768604117817,0,2,qkirjm3k,201008 Session 2,,,Session 2 SM,0
19,lks8s73y,,0,73,74,el_end,A_Dropout,2020-10-08 01:06:08.592129+00:00,1,,,0.00,1,1,2,1,1,0,1,,,,,,,,,,,,,,,,0,0,0,0.00,7,1,250,50,,,,0,2,qkirjm3k,201008 Session 2,,,Session 2 SM,0
20,t1r349rd,,0,73,74,el_end,A_Dropout,2020-10-08 01:06:08.651876+00:00,1,,,0.00,2,1,2,1,0,1,1,,,,,,,,,,,,,,,,0,0,0,0.00,7,1,250,50,,,,0,2,qkirjm3k,201008 Session 2,,,Session 2 SM,0
21,s7ak09y2,,0,73,74,el_end,A_Dropout,2020-10-08 01:06:08.715674+00:00,1,,,0.00,3,1,2,1,0,1,1,,,,,,,,,,,,,,,,0,0,0,0.00,7,1,250,50,,,,0,2,qkirjm3k,201008 Session 2,,,Session 2 SM,0
22,wyrouc3n,,0,73,74,el_end,A_Dropout,2020-10-08 01:06:08.763589+00:00,1,,,0.00,1,1,2,1,1,0,1,,,,,,,,,,,,,,,,0,0,0,0.00,8,1,250,50,,,,0,2,qkirjm3k,201008 Session 2,,,Session 2 SM,0
23,riqm26xk,,0,73,74,el_end,A_Dropout,2020-10-08 01:06:08.806140+00:00,1,,,0.00,2,1,2,1,0,1,1,,,,,,,,,,,,,,,,0,0,0,0.00,8,1,250,50,,,,0,2,qkirjm3k,201008 Session 2,,,Session 2 SM,0
24,xb9mzeg1,,0,73,74,el_end,A_Dropout,2020-10-08 01:06:08.856258+00:00,1,,,0.00,3,1,2,1,0,1,1,,,,,,,,,,,,,,,,0,0,0,0.00,8,1,250,50,,,,0,2,qkirjm3k,201008 Session 2,,,Session 2 SM,0
1,mahz01se,P1,0,74,74,el_end,B_End,2020-10-08 00:51:55.670277+00:00,1,,,22.50,1,1,2,1,1,0,2,0,0,50,0,,,33.18782045243012,65.79453527749155,,,2,1,250,0,250,0,0,0,0.00,1,2,200,0,0,0,0.629635502464374,0,3,qkirjm3k,201008 Session 2,,,Session 2 SM,0
2,xaotb2ij,P3,0,73,74,el_end,A_Dropout,2020-10-08 00:52:13.235192+00:00,1,,,0.00,2,1,2,1,0,1,2,1,50,50,50,75.0,75.0,61.910979796458676,72.19067008741243,1,1,1,1,0,200,0,1,1,1,0.00,1,2,200,0,0,0,0.629635502464374,0,3,qkirjm3k,201008 Session 2,,,Session 2 SM,0
3,zmqjx9n5,P2,0,74,74,el_end,B_End,2020-10-08 00:52:21.451341+00:00,1,,,15.00,3,1,2,1,0,1,2,1,30,50,30,91.0,91.0,26.331029059249524,6.259094028348066,1,1,1,0,0,200,200,0,0,0,0.00,1,2,200,0,0,0,0.629635502464374,0,3,qkirjm3k,201008 Session 2,,,Session 2 SM,0
4,lhu3zunt,P4,0,74,74,el_end,B_End,2020-10-08 00:52:22.491501+00:00,1,,,6.00,1,1,2,1,1,0,2,1,70,88,50,,,20.398637303514565,7.620443781540487,,,1,1,350,0,350,0,0,0,0.00,2,3,300,50,1,1,0.5332705704511604,0,3,qkirjm3k,201008 Session 2,,,Session 2 SM,0
5,ex48getp,P5,0,74,74,el_end,B_End,2020-10-08 00:52:54.112927+00:00,1,,,8.75,2,1,2,1,0,1,2,1,60,80,30,84.0,96.0,84.48286532636077,28.38615537922784,0,1,2,1,300,200,300,0,0,0,0.00,2,3,300,50,1,1,0.5332705704511604,0,3,qkirjm3k,201008 Session 2,,,Session 2 SM,0
6,fhoyjsdk,P6,0,74,74,el_end,B_End,2020-10-08 00:53:08.752224+00:00,1,,,12.50,3,1,2,1,0,1,2,0,30,60,30,51.0,84.0,8.864059368187526,60.473556037828445,1,1,2,0,300,200,200,0,0,0,0.00,2,3,300,50,1,1,0.5332705704511604,0,3,qkirjm3k,201008 Session 2,,,Session 2 SM,0
7,cp7tbvfo,P8,0,74,74,el_end,B_End,2020-10-08 00:55:58.576823+00:00,1,,,7.50,1,1,2,1,1,0,2,0,10,80,10,,,65.93038996002872,93.56615885772494,,,2,1,300,0,300,0,0,0,0.00,3,1,250,50,0,0,0.7139159594266119,0,3,qkirjm3k,201008 Session 2,,,Session 2 SM,0
8,csdemn83,P7,0,74,74,el_end,B_End,2020-10-08 00:55:59.397197+00:00,1,,,9.00,2,1,2,1,0,1,2,0,30,40,40,91.0,84.0,98.75194137996539,79.00125012773934,0,1,2,0,50,200,200,0,0,0,0.00,3,1,250,50,0,0,0.7139159594266119,0,3,qkirjm3k,201008 Session 2,,,Session 2 SM,0
9,st5qot3t,P9,0,74,74,el_end,B_End,2020-10-08 00:56:26.514044+00:00,1,,,9.00,3,1,2,1,0,1,2,1,50,75,25,75.0,93.75,19.64776773555904,41.70740152374104,1,1,1,1,50,200,50,0,0,0,0.00,3,1,250,50,0,0,0.7139159594266119,0,3,qkirjm3k,201008 Session 2,,,Session 2 SM,0
10,nsx5u7nu,P12,0,74,74,el_end,B_End,2020-10-08 00:57:42.186817+00:00,1,,,15.00,1,1,2,1,1,0,2,0,5,10,5,,,22.458066594360194,34.3094289608202,,,2,1,300,0,300,0,0,0,0.00,4,3,300,50,0,0,0.8573068761019826,0,3,qkirjm3k,201008 Session 2,,,Session 2 SM,0
11,fypw7k1w,P11,0,74,74,el_end,B_End,2020-10-08 00:58:09.361774+00:00,1,,,13.00,2,1,2,1,0,1,2,1,50,90,50,75.0,75.0,58.50097065703211,86.52639921794864,1,0,2,1,50,0,50,0,0,0,0.00,4,3,300,50,0,0,0.8573068761019826,0,3,qkirjm3k,201008 Session 2,,,Session 2 SM,0
12,zh49wm62,P10,0,74,74,el_end,B_End,2020-10-08 00:59:45.366587+00:00,1,,,9.30,3,1,2,1,0,1,2,0,0,0,0,100.0,100.0,50.09736238448219,70.97798483648818,1,1,1,1,50,200,50,0,0,0,0.00,4,3,300,50,0,0,0.8573068761019826,0,3,qkirjm3k,201008 Session 2,,,Session 2 SM,0
13,8ja5znw5,P13,0,74,74,el_end,B_End,2020-10-08 01:00:07.918124+00:00,1,,,14.50,1,1,2,1,1,0,2,0,80,90,70,,,94.55540826917765,48.29883473563727,,,2,1,300,0,300,0,0,0,0.00,5,1,250,50,0,0,0.6924100798581627,0,3,qkirjm3k,201008 Session 2,,,Session 2 SM,0
14,j6be3pxa,P14,0,74,74,el_end,B_End,2020-10-08 01:00:14.590482+00:00,1,,,12.50,2,1,2,1,0,1,2,0,5,100,0,99.75,100.0,36.15258995999613,1.8777760138522392,1,1,1,1,50,200,50,0,0,0,0.00,5,1,250,50,0,0,0.6924100798581627,0,3,qkirjm3k,201008 Session 2,,,Session 2 SM,0
15,agln9ymk,P17,0,74,74,el_end,B_End,2020-10-08 01:01:07.822242+00:00,1,,,15.00,3,1,2,1,0,1,2,0,40,60,40,84.0,84.0,18.312969642056608,26.137654922301135,1,1,1,1,50,200,50,0,0,0,0.00,5,1,250,50,0,0,0.6924100798581627,0,3,qkirjm3k,201008 Session 2,,,Session 2 SM,0
16,09rebxff,P18,0,74,74,el_end,B_End,2020-10-08 01:01:10.749136+00:00,1,,,12.50,1,1,2,1,1,0,2,0,0,0,0,,,53.0723128414182,27.37919878492624,,,1,1,450,0,450,0,0,0,0.00,6,2,200,0,0,1,0.2470666526870332,0,3,qkirjm3k,201008 Session 2,,,Session 2 SM,0
17,sc5e0t3s,P15,0,74,74,el_end,B_End,2020-10-08 01:01:10.709524+00:00,1,,,7.50,2,1,2,1,0,1,2,0,0,0,0,100.0,100.0,0.7286789043541853,25.57312611546224,1,1,1,1,200,200,200,0,0,0,0.00,6,2,200,0,0,1,0.2470666526870332,0,3,qkirjm3k,201008 Session 2,,,Session 2 SM,0
18,wyfvvubi,P16,0,74,74,el_end,B_End,2020-10-08 01:01:21.127662+00:00,1,,,15.00,3,1,2,1,0,1,2,0,0,0,0,100.0,100.0,58.37159765313255,83.18788288180384,1,1,1,0,200,200,200,0,0,0,0.00,6,2,200,0,0,1,0.2470666526870332,0,3,qkirjm3k,201008 Session 2,,,Session 2 SM,0
19,lks8s73y,,0,73,74,el_end,A_Dropout,2020-10-08 01:06:08.592129+00:00,1,,,0.00,1,1,2,1,1,0,2,,,,,,,,,,,,,,,,0,0,0,0.00,7,2,200,0,,,,0,3,qkirjm3k,201008 Session 2,,,Session 2 SM,0
20,t1r349rd,,0,73,74,el_end,A_Dropout,2020-10-08 01:06:08.651876+00:00,1,,,0.00,2,1,2,1,0,1,2,,,,,,,,,,,,,,,,0,0,0,0.00,7,2,200,0,,,,0,3,qkirjm3k,201008 Session 2,,,Session 2 SM,0
21,s7ak09y2,,0,73,74,el_end,A_Dropout,2020-10-08 01:06:08.715674+00:00,1,,,0.00,3,1,2,1,0,1,2,,,,,,,,,,,,,,,,0,0,0,0.00,7,2,200,0,,,,0,3,qkirjm3k,201008 Session 2,,,Session 2 SM,0
22,wyrouc3n,,0,73,74,el_end,A_Dropout,2020-10-08 01:06:08.763589+00:00,1,,,0.00,1,1,2,1,1,0,2,,,,,,,,,,,,,,,,0,0,0,0.00,8,3,300,50,,,,0,3,qkirjm3k,201008 Session 2,,,Session 2 SM,0
23,riqm26xk,,0,73,74,el_end,A_Dropout,2020-10-08 01:06:08.806140+00:00,1,,,0.00,2,1,2,1,0,1,2,,,,,,,,,,,,,,,,0,0,0,0.00,8,3,300,50,,,,0,3,qkirjm3k,201008 Session 2,,,Session 2 SM,0
24,xb9mzeg1,,0,73,74,el_end,A_Dropout,2020-10-08 01:06:08.856258+00:00,1,,,0.00,3,1,2,1,0,1,2,,,,,,,,,,,,,,,,0,0,0,0.00,8,3,300,50,,,,0,3,qkirjm3k,201008 Session 2,,,Session 2 SM,0
1,mahz01se,P1,0,74,74,el_end,B_End,2020-10-08 00:51:55.670277+00:00,1,,,22.50,1,1,2,1,1,0,3,0,0,50,0,,,80.80720281360256,67.27923469675126,,,2,1,300,0,300,0,0,0,0.00,1,3,300,50,0,0,0.6426764021867387,0,4,qkirjm3k,201008 Session 2,,,Session 2 SM,0
2,xaotb2ij,P3,0,73,74,el_end,A_Dropout,2020-10-08 00:52:13.235192+00:00,1,,,0.00,2,1,2,1,0,1,3,1,50,50,50,75.0,75.0,37.307473143986634,15.4932072443419,1,1,2,0,50,200,200,1,1,1,0.00,1,3,300,50,0,0,0.6426764021867387,0,4,qkirjm3k,201008 Session 2,,,Session 2 SM,0
3,zmqjx9n5,P2,0,74,74,el_end,B_End,2020-10-08 00:52:21.451341+00:00,1,,,15.00,3,1,2,1,0,1,3,1,20,30,20,96.0,96.0,52.03216929946313,13.681372397247426,1,1,2,1,50,200,50,0,0,0,0.00,1,3,300,50,0,0,0.6426764021867387,0,4,qkirjm3k,201008 Session 2,,,Session 2 SM,0
4,lhu3zunt,P4,0,74,74,el_end,B_End,2020-10-08 00:52:22.491501+00:00,1,,,6.00,1,1,2,1,1,0,3,1,50,70,40,,,36.65478714476842,87.79771930913077,,,2,1,250,0,250,0,0,0,0.00,2,2,200,0,1,1,0.10753744452095393,0,4,qkirjm3k,201008 Session 2,,,Session 2 SM,0
5,ex48getp,P5,0,74,74,el_end,B_End,2020-10-08 00:52:54.112927+00:00,1,,,8.75,2,1,2,1,0,1,3,1,70,80,25,91.0,96.0,75.29261581417506,12.078125715045552,1,1,1,0,200,200,200,0,0,0,0.00,2,2,200,0,1,1,0.10753744452095393,0,4,qkirjm3k,201008 Session 2,,,Session 2 SM,0
6,fhoyjsdk,P6,0,74,74,el_end,B_End,2020-10-08 00:53:08.752224+00:00,1,,,12.50,3,1,2,1,0,1,3,1,80,80,30,96.0,96.0,49.03486246927445,79.00275025542,1,1,1,0,200,200,200,0,0,0,0.00,2,2,200,0,1,1,0.10753744452095393,0,4,qkirjm3k,201008 Session 2,,,Session 2 SM,0
7,cp7tbvfo,P8,0,74,74,el_end,B_End,2020-10-08 00:55:58.576823+00:00,1,,,7.50,1,1,2,1,1,0,3,1,80,80,20,,,50.47915721432052,26.790484384736512,,,1,1,100,0,100,0,0,0,0.00,3,3,300,50,1,0,0.884516448594307,0,4,qkirjm3k,201008 Session 2,,,Session 2 SM,0
8,csdemn83,P7,0,74,74,el_end,B_End,2020-10-08 00:55:59.397197+00:00,1,,,9.00,2,1,2,1,0,1,3,1,30,70,50,51.0,75.0,78.96253167608705,17.009741758920427,0,1,2,1,50,200,50,0,0,0,0.00,3,3,300,50,1,0,0.884516448594307,0,4,qkirjm3k,201008 Session 2,,,Session 2 SM,0
9,st5qot3t,P9,0,74,74,el_end,B_End,2020-10-08 00:56:26.514044+00:00,1,,,9.00,3,1,2,1,0,1,3,1,50,25,75,75.0,93.75,39.62964621894428,48.90136404530136,1,1,1,1,50,200,50,0,0,0,0.00,3,3,300,50,1,0,0.884516448594307,0,4,qkirjm3k,201008 Session 2,,,Session 2 SM,0
10,nsx5u7nu,P12,0,74,74,el_end,B_End,2020-10-08 00:57:42.186817+00:00,1,,,15.00,1,1,2,1,1,0,3,0,10,10,5,,,12.039574414993371,99.42848896285567,,,1,1,500,0,500,0,0,0,0.00,4,1,250,50,0,1,0.18737397426793068,0,4,qkirjm3k,201008 Session 2,,,Session 2 SM,0
11,fypw7k1w,P11,0,74,74,el_end,B_End,2020-10-08 00:58:09.361774+00:00,1,,,13.00,2,1,2,1,0,1,3,1,75,75,75,43.75,43.75,19.00092240477227,65.04645258047054,1,0,1,1,250,200,250,0,0,0,0.00,4,1,250,50,0,1,0.18737397426793068,0,4,qkirjm3k,201008 Session 2,,,Session 2 SM,0
12,zh49wm62,P10,0,74,74,el_end,B_End,2020-10-08 00:59:45.366587+00:00,1,,,9.30,3,1,2,1,0,1,3,0,0,0,0,100.0,100.0,24.48734008592124,68.73718423825382,1,1,1,0,250,200,200,0,0,0,0.00,4,1,250,50,0,1,0.18737397426793068,0,4,qkirjm3k,201008 Session 2,,,Session 2 SM,0
13,8ja5znw5,P13,0,74,74,el_end,B_End,2020-10-08 01:00:07.918124+00:00,1,,,14.50,1,1,2,1,1,0,3,0,75,75,50,,,26.61676944870911,17.84935723494756,,,1,1,250,0,250,0,0,0,0.00,5,2,200,0,0,0,0.5043859130568347,0,4,qkirjm3k,201008 Session 2,,,Session 2 SM,0
14,j6be3pxa,P14,0,74,74,el_end,B_End,2020-10-08 01:00:14.590482+00:00,1,,,12.50,2,1,2,1,0,1,3,0,30,100,0,91.0,100.0,25.42832729590263,69.66546099553833,1,1,1,0,0,200,200,0,0,0,0.00,5,2,200,0,0,0,0.5043859130568347,0,4,qkirjm3k,201008 Session 2,,,Session 2 SM,0
15,agln9ymk,P17,0,74,74,el_end,B_End,2020-10-08 01:01:07.822242+00:00,1,,,15.00,3,1,2,1,0,1,3,1,70,80,20,51.0,96.0,35.3171266764028,3.1398715289138734,1,1,2,1,0,200,0,0,0,0,0.00,5,2,200,0,0,0,0.5043859130568347,0,4,qkirjm3k,201008 Session 2,,,Session 2 SM,0
16,09rebxff,P18,0,74,74,el_end,B_End,2020-10-08 01:01:10.749136+00:00,1,,,12.50,1,1,2,1,1,0,3,1,50,75,25,,,9.214515080922403,27.65151553612959,,,1,1,300,0,300,0,0,0,0.00,6,1,250,50,1,1,0.31942428875686424,0,4,qkirjm3k,201008 Session 2,,,Session 2 SM,0
17,sc5e0t3s,P15,0,74,74,el_end,B_End,2020-10-08 01:01:10.709524+00:00,1,,,7.50,2,1,2,1,0,1,3,0,10,10,0,18.999999999999993,18.999999999999993,18.83127666486294,47.417747291029514,1,0,2,0,250,0,0,0,0,0,0.00,6,1,250,50,1,1,0.31942428875686424,0,4,qkirjm3k,201008 Session 2,,,Session 2 SM,0
18,wyfvvubi,P16,0,74,74,el_end,B_End,2020-10-08 01:01:21.127662+00:00,1,,,15.00,3,1,2,1,0,1,3,0,0,0,0,0.0,0.0,12.718619051504065,84.1865645390266,0,0,1,1,250,0,250,0,0,0,0.00,6,1,250,50,1,1,0.31942428875686424,0,4,qkirjm3k,201008 Session 2,,,Session 2 SM,0
19,lks8s73y,,0,73,74,el_end,A_Dropout,2020-10-08 01:06:08.592129+00:00,1,,,0.00,1,1,2,1,1,0,3,,,,,,,,,,,,,,,,0,0,0,0.00,7,3,300,50,,,,0,4,qkirjm3k,201008 Session 2,,,Session 2 SM,0
20,t1r349rd,,0,73,74,el_end,A_Dropout,2020-10-08 01:06:08.651876+00:00,1,,,0.00,2,1,2,1,0,1,3,,,,,,,,,,,,,,,,0,0,0,0.00,7,3,300,50,,,,0,4,qkirjm3k,201008 Session 2,,,Session 2 SM,0
21,s7ak09y2,,0,73,74,el_end,A_Dropout,2020-10-08 01:06:08.715674+00:00,1,,,0.00,3,1,2,1,0,1,3,,,,,,,,,,,,,,,,0,0,0,0.00,7,3,300,50,,,,0,4,qkirjm3k,201008 Session 2,,,Session 2 SM,0
22,wyrouc3n,,0,73,74,el_end,A_Dropout,2020-10-08 01:06:08.763589+00:00,1,,,0.00,1,1,2,1,1,0,3,,,,,,,,,,,,,,,,0,0,0,0.00,8,2,200,0,,,,0,4,qkirjm3k,201008 Session 2,,,Session 2 SM,0
23,riqm26xk,,0,73,74,el_end,A_Dropout,2020-10-08 01:06:08.806140+00:00,1,,,0.00,2,1,2,1,0,1,3,,,,,,,,,,,,,,,,0,0,0,0.00,8,2,200,0,,,,0,4,qkirjm3k,201008 Session 2,,,Session 2 SM,0
24,xb9mzeg1,,0,73,74,el_end,A_Dropout,2020-10-08 01:06:08.856258+00:00,1,,,0.00,3,1,2,1,0,1,3,,,,,,,,,,,,,,,,0,0,0,0.00,8,2,200,0,,,,0,4,qkirjm3k,201008 Session 2,,,Session 2 SM,0
1,2ntkls0n,,0,0,74,,,,0,,,0.00,1,0,1,3,1,0,0,,,,,,,,,,,,,,,,0,0,0,0.00,1,2,200,0,,,,0,1,mjng8ph4,201008 Session 3,,,Session 3 NSM,0
2,7gpkmel9,,0,0,74,,,,0,,,0.00,2,0,1,3,0,1,0,,,,,,,,,,,,,,,,0,0,0,0.00,1,2,200,0,,,,0,1,mjng8ph4,201008 Session 3,,,Session 3 NSM,0
3,es796ou6,,0,0,74,,,,0,,,0.00,3,0,1,3,0,1,0,,,,,,,,,,,,,,,,0,0,0,0.00,1,2,200,0,,,,0,1,mjng8ph4,201008 Session 3,,,Session 3 NSM,0
4,svjydsvf,,0,0,74,,,,0,,,0.00,1,0,1,3,1,0,0,,,,,,,,,,,,,,,,0,0,0,0.00,2,2,200,0,,,,0,1,mjng8ph4,201008 Session 3,,,Session 3 NSM,0
5,to2es1cd,,0,0,74,,,,0,,,0.00,2,0,1,3,0,1,0,,,,,,,,,,,,,,,,0,0,0,0.00,2,2,200,0,,,,0,1,mjng8ph4,201008 Session 3,,,Session 3 NSM,0
6,fed3noki,,0,0,74,,,,0,,,0.00,3,0,1,3,0,1,0,,,,,,,,,,,,,,,,0,0,0,0.00,2,2,200,0,,,,0,1,mjng8ph4,201008 Session 3,,,Session 3 NSM,0
7,5205f3z8,,0,0,74,,,,0,,,0.00,1,0,1,3,1,0,0,,,,,,,,,,,,,,,,0,0,0,0.00,3,2,200,0,,,,0,1,mjng8ph4,201008 Session 3,,,Session 3 NSM,0
8,mi047txm,,0,0,74,,,,0,,,0.00,2,0,1,3,0,1,0,,,,,,,,,,,,,,,,0,0,0,0.00,3,2,200,0,,,,0,1,mjng8ph4,201008 Session 3,,,Session 3 NSM,0
9,zda8a51f,,0,0,74,,,,0,,,0.00,3,0,1,3,0,1,0,,,,,,,,,,,,,,,,0,0,0,0.00,3,2,200,0,,,,0,1,mjng8ph4,201008 Session 3,,,Session 3 NSM,0
10,gtqr9nu5,,0,0,74,,,,0,,,0.00,1,0,1,3,1,0,0,,,,,,,,,,,,,,,,0,0,0,0.00,4,2,200,0,,,,0,1,mjng8ph4,201008 Session 3,,,Session 3 NSM,0
11,55ze659m,,0,0,74,,,,0,,,0.00,2,0,1,3,0,1,0,,,,,,,,,,,,,,,,0,0,0,0.00,4,2,200,0,,,,0,1,mjng8ph4,201008 Session 3,,,Session 3 NSM,0
12,wdvqq1i9,,0,0,74,,,,0,,,0.00,3,0,1,3,0,1,0,,,,,,,,,,,,,,,,0,0,0,0.00,4,2,200,0,,,,0,1,mjng8ph4,201008 Session 3,,,Session 3 NSM,0
13,3zcbff0e,,0,0,74,,,,0,,,0.00,1,0,1,3,1,0,0,,,,,,,,,,,,,,,,0,0,0,0.00,5,2,200,0,,,,0,1,mjng8ph4,201008 Session 3,,,Session 3 NSM,0
14,wgjcsn7x,,0,0,74,,,,0,,,0.00,2,0,1,3,0,1,0,,,,,,,,,,,,,,,,0,0,0,0.00,5,2,200,0,,,,0,1,mjng8ph4,201008 Session 3,,,Session 3 NSM,0
15,u6mp7pg8,,0,0,74,,,,0,,,0.00,3,0,1,3,0,1,0,,,,,,,,,,,,,,,,0,0,0,0.00,5,2,200,0,,,,0,1,mjng8ph4,201008 Session 3,,,Session 3 NSM,0
16,mt0f855h,,0,0,74,,,,0,,,0.00,1,0,1,3,1,0,0,,,,,,,,,,,,,,,,0,0,0,0.00,6,2,200,0,,,,0,1,mjng8ph4,201008 Session 3,,,Session 3 NSM,0
17,vm36ejcx,,0,0,74,,,,0,,,0.00,2,0,1,3,0,1,0,,,,,,,,,,,,,,,,0,0,0,0.00,6,2,200,0,,,,0,1,mjng8ph4,201008 Session 3,,,Session 3 NSM,0
18,y7x8ejk0,,0,0,74,,,,0,,,0.00,3,0,1,3,0,1,0,,,,,,,,,,,,,,,,0,0,0,0.00,6,2,200,0,,,,0,1,mjng8ph4,201008 Session 3,,,Session 3 NSM,0
19,jupozxb0,,0,0,74,,,,0,,,0.00,1,0,1,3,1,0,0,,,,,,,,,,,,,,,,0,0,0,0.00,7,2,200,0,,,,0,1,mjng8ph4,201008 Session 3,,,Session 3 NSM,0
20,sm5vnuz4,,0,0,74,,,,0,,,0.00,2,0,1,3,0,1,0,,,,,,,,,,,,,,,,0,0,0,0.00,7,2,200,0,,,,0,1,mjng8ph4,201008 Session 3,,,Session 3 NSM,0
21,g1fwh1ap,,0,0,74,,,,0,,,0.00,3,0,1,3,0,1,0,,,,,,,,,,,,,,,,0,0,0,0.00,7,2,200,0,,,,0,1,mjng8ph4,201008 Session 3,,,Session 3 NSM,0
22,vdhfkylf,,0,0,74,,,,0,,,0.00,1,0,1,3,1,0,0,,,,,,,,,,,,,,,,0,0,0,0.00,8,2,200,0,,,,0,1,mjng8ph4,201008 Session 3,,,Session 3 NSM,0
23,0crf9q59,,0,0,74,,,,0,,,0.00,2,0,1,3,0,1,0,,,,,,,,,,,,,,,,0,0,0,0.00,8,2,200,0,,,,0,1,mjng8ph4,201008 Session 3,,,Session 3 NSM,0
24,rqncblzz,,0,0,74,,,,0,,,0.00,3,0,1,3,0,1,0,,,,,,,,,,,,,,,,0,0,0,0.00,8,2,200,0,,,,0,1,mjng8ph4,201008 Session 3,,,Session 3 NSM,0
1,2ntkls0n,,0,0,74,,,,0,,,0.00,1,0,1,3,1,0,1,,,,,,,,,,,,,,,,0,0,0,0.00,1,2,200,0,,,,0,2,mjng8ph4,201008 Session 3,,,Session 3 NSM,0
2,7gpkmel9,,0,0,74,,,,0,,,0.00,2,0,1,3,0,1,1,,,,,,,,,,,,,,,,0,0,0,0.00,1,2,200,0,,,,0,2,mjng8ph4,201008 Session 3,,,Session 3 NSM,0
3,es796ou6,,0,0,74,,,,0,,,0.00,3,0,1,3,0,1,1,,,,,,,,,,,,,,,,0,0,0,0.00,1,2,200,0,,,,0,2,mjng8ph4,201008 Session 3,,,Session 3 NSM,0
4,svjydsvf,,0,0,74,,,,0,,,0.00,1,0,1,3,1,0,1,,,,,,,,,,,,,,,,0,0,0,0.00,2,2,200,0,,,,0,2,mjng8ph4,201008 Session 3,,,Session 3 NSM,0
5,to2es1cd,,0,0,74,,,,0,,,0.00,2,0,1,3,0,1,1,,,,,,,,,,,,,,,,0,0,0,0.00,2,2,200,0,,,,0,2,mjng8ph4,201008 Session 3,,,Session 3 NSM,0
6,fed3noki,,0,0,74,,,,0,,,0.00,3,0,1,3,0,1,1,,,,,,,,,,,,,,,,0,0,0,0.00,2,2,200,0,,,,0,2,mjng8ph4,201008 Session 3,,,Session 3 NSM,0
7,5205f3z8,,0,0,74,,,,0,,,0.00,1,0,1,3,1,0,1,,,,,,,,,,,,,,,,0,0,0,0.00,3,3,300,50,,,,0,2,mjng8ph4,201008 Session 3,,,Session 3 NSM,0
8,mi047txm,,0,0,74,,,,0,,,0.00,2,0,1,3,0,1,1,,,,,,,,,,,,,,,,0,0,0,0.00,3,3,300,50,,,,0,2,mjng8ph4,201008 Session 3,,,Session 3 NSM,0
9,zda8a51f,,0,0,74,,,,0,,,0.00,3,0,1,3,0,1,1,,,,,,,,,,,,,,,,0,0,0,0.00,3,3,300,50,,,,0,2,mjng8ph4,201008 Session 3,,,Session 3 NSM,0
10,gtqr9nu5,,0,0,74,,,,0,,,0.00,1,0,1,3,1,0,1,,,,,,,,,,,,,,,,0,0,0,0.00,4,3,300,50,,,,0,2,mjng8ph4,201008 Session 3,,,Session 3 NSM,0
11,55ze659m,,0,0,74,,,,0,,,0.00,2,0,1,3,0,1,1,,,,,,,,,,,,,,,,0,0,0,0.00,4,3,300,50,,,,0,2,mjng8ph4,201008 Session 3,,,Session 3 NSM,0
12,wdvqq1i9,,0,0,74,,,,0,,,0.00,3,0,1,3,0,1,1,,,,,,,,,,,,,,,,0,0,0,0.00,4,3,300,50,,,,0,2,mjng8ph4,201008 Session 3,,,Session 3 NSM,0
13,3zcbff0e,,0,0,74,,,,0,,,0.00,1,0,1,3,1,0,1,,,,,,,,,,,,,,,,0,0,0,0.00,5,1,250,50,,,,0,2,mjng8ph4,201008 Session 3,,,Session 3 NSM,0
14,wgjcsn7x,,0,0,74,,,,0,,,0.00,2,0,1,3,0,1,1,,,,,,,,,,,,,,,,0,0,0,0.00,5,1,250,50,,,,0,2,mjng8ph4,201008 Session 3,,,Session 3 NSM,0
15,u6mp7pg8,,0,0,74,,,,0,,,0.00,3,0,1,3,0,1,1,,,,,,,,,,,,,,,,0,0,0,0.00,5,1,250,50,,,,0,2,mjng8ph4,201008 Session 3,,,Session 3 NSM,0
16,mt0f855h,,0,0,74,,,,0,,,0.00,1,0,1,3,1,0,1,,,,,,,,,,,,,,,,0,0,0,0.00,6,1,250,50,,,,0,2,mjng8ph4,201008 Session 3,,,Session 3 NSM,0
17,vm36ejcx,,0,0,74,,,,0,,,0.00,2,0,1,3,0,1,1,,,,,,,,,,,,,,,,0,0,0,0.00,6,1,250,50,,,,0,2,mjng8ph4,201008 Session 3,,,Session 3 NSM,0
18,y7x8ejk0,,0,0,74,,,,0,,,0.00,3,0,1,3,0,1,1,,,,,,,,,,,,,,,,0,0,0,0.00,6,1,250,50,,,,0,2,mjng8ph4,201008 Session 3,,,Session 3 NSM,0
19,jupozxb0,,0,0,74,,,,0,,,0.00,1,0,1,3,1,0,1,,,,,,,,,,,,,,,,0,0,0,0.00,7,2,200,0,,,,0,2,mjng8ph4,201008 Session 3,,,Session 3 NSM,0
20,sm5vnuz4,,0,0,74,,,,0,,,0.00,2,0,1,3,0,1,1,,,,,,,,,,,,,,,,0,0,0,0.00,7,2,200,0,,,,0,2,mjng8ph4,201008 Session 3,,,Session 3 NSM,0
21,g1fwh1ap,,0,0,74,,,,0,,,0.00,3,0,1,3,0,1,1,,,,,,,,,,,,,,,,0,0,0,0.00,7,2,200,0,,,,0,2,mjng8ph4,201008 Session 3,,,Session 3 NSM,0
22,vdhfkylf,,0,0,74,,,,0,,,0.00,1,0,1,3,1,0,1,,,,,,,,,,,,,,,,0,0,0,0.00,8,2,200,0,,,,0,2,mjng8ph4,201008 Session 3,,,Session 3 NSM,0
23,0crf9q59,,0,0,74,,,,0,,,0.00,2,0,1,3,0,1,1,,,,,,,,,,,,,,,,0,0,0,0.00,8,2,200,0,,,,0,2,mjng8ph4,201008 Session 3,,,Session 3 NSM,0
24,rqncblzz,,0,0,74,,,,0,,,0.00,3,0,1,3,0,1,1,,,,,,,,,,,,,,,,0,0,0,0.00,8,2,200,0,,,,0,2,mjng8ph4,201008 Session 3,,,Session 3 NSM,0
1,2ntkls0n,,0,0,74,,,,0,,,0.00,1,0,1,3,1,0,2,,,,,,,,,,,,,,,,0,0,0,0.00,1,1,250,50,,,,0,3,mjng8ph4,201008 Session 3,,,Session 3 NSM,0
2,7gpkmel9,,0,0,74,,,,0,,,0.00,2,0,1,3,0,1,2,,,,,,,,,,,,,,,,0,0,0,0.00,1,1,250,50,,,,0,3,mjng8ph4,201008 Session 3,,,Session 3 NSM,0
3,es796ou6,,0,0,74,,,,0,,,0.00,3,0,1,3,0,1,2,,,,,,,,,,,,,,,,0,0,0,0.00,1,1,250,50,,,,0,3,mjng8ph4,201008 Session 3,,,Session 3 NSM,0
4,svjydsvf,,0,0,74,,,,0,,,0.00,1,0,1,3,1,0,2,,,,,,,,,,,,,,,,0,0,0,0.00,2,3,300,50,,,,0,3,mjng8ph4,201008 Session 3,,,Session 3 NSM,0
5,to2es1cd,,0,0,74,,,,0,,,0.00,2,0,1,3,0,1,2,,,,,,,,,,,,,,,,0,0,0,0.00,2,3,300,50,,,,0,3,mjng8ph4,201008 Session 3,,,Session 3 NSM,0
6,fed3noki,,0,0,74,,,,0,,,0.00,3,0,1,3,0,1,2,,,,,,,,,,,,,,,,0,0,0,0.00,2,3,300,50,,,,0,3,mjng8ph4,201008 Session 3,,,Session 3 NSM,0
7,5205f3z8,,0,0,74,,,,0,,,0.00,1,0,1,3,1,0,2,,,,,,,,,,,,,,,,0,0,0,0.00,3,1,250,50,,,,0,3,mjng8ph4,201008 Session 3,,,Session 3 NSM,0
8,mi047txm,,0,0,74,,,,0,,,0.00,2,0,1,3,0,1,2,,,,,,,,,,,,,,,,0,0,0,0.00,3,1,250,50,,,,0,3,mjng8ph4,201008 Session 3,,,Session 3 NSM,0
9,zda8a51f,,0,0,74,,,,0,,,0.00,3,0,1,3,0,1,2,,,,,,,,,,,,,,,,0,0,0,0.00,3,1,250,50,,,,0,3,mjng8ph4,201008 Session 3,,,Session 3 NSM,0
10,gtqr9nu5,,0,0,74,,,,0,,,0.00,1,0,1,3,1,0,2,,,,,,,,,,,,,,,,0,0,0,0.00,4,2,200,0,,,,0,3,mjng8ph4,201008 Session 3,,,Session 3 NSM,0
11,55ze659m,,0,0,74,,,,0,,,0.00,2,0,1,3,0,1,2,,,,,,,,,,,,,,,,0,0,0,0.00,4,2,200,0,,,,0,3,mjng8ph4,201008 Session 3,,,Session 3 NSM,0
12,wdvqq1i9,,0,0,74,,,,0,,,0.00,3,0,1,3,0,1,2,,,,,,,,,,,,,,,,0,0,0,0.00,4,2,200,0,,,,0,3,mjng8ph4,201008 Session 3,,,Session 3 NSM,0
13,3zcbff0e,,0,0,74,,,,0,,,0.00,1,0,1,3,1,0,2,,,,,,,,,,,,,,,,0,0,0,0.00,5,2,200,0,,,,0,3,mjng8ph4,201008 Session 3,,,Session 3 NSM,0
14,wgjcsn7x,,0,0,74,,,,0,,,0.00,2,0,1,3,0,1,2,,,,,,,,,,,,,,,,0,0,0,0.00,5,2,200,0,,,,0,3,mjng8ph4,201008 Session 3,,,Session 3 NSM,0
15,u6mp7pg8,,0,0,74,,,,0,,,0.00,3,0,1,3,0,1,2,,,,,,,,,,,,,,,,0,0,0,0.00,5,2,200,0,,,,0,3,mjng8ph4,201008 Session 3,,,Session 3 NSM,0
16,mt0f855h,,0,0,74,,,,0,,,0.00,1,0,1,3,1,0,2,,,,,,,,,,,,,,,,0,0,0,0.00,6,3,300,50,,,,0,3,mjng8ph4,201008 Session 3,,,Session 3 NSM,0
17,vm36ejcx,,0,0,74,,,,0,,,0.00,2,0,1,3,0,1,2,,,,,,,,,,,,,,,,0,0,0,0.00,6,3,300,50,,,,0,3,mjng8ph4,201008 Session 3,,,Session 3 NSM,0
18,y7x8ejk0,,0,0,74,,,,0,,,0.00,3,0,1,3,0,1,2,,,,,,,,,,,,,,,,0,0,0,0.00,6,3,300,50,,,,0,3,mjng8ph4,201008 Session 3,,,Session 3 NSM,0
19,jupozxb0,,0,0,74,,,,0,,,0.00,1,0,1,3,1,0,2,,,,,,,,,,,,,,,,0,0,0,0.00,7,1,250,50,,,,0,3,mjng8ph4,201008 Session 3,,,Session 3 NSM,0
20,sm5vnuz4,,0,0,74,,,,0,,,0.00,2,0,1,3,0,1,2,,,,,,,,,,,,,,,,0,0,0,0.00,7,1,250,50,,,,0,3,mjng8ph4,201008 Session 3,,,Session 3 NSM,0
21,g1fwh1ap,,0,0,74,,,,0,,,0.00,3,0,1,3,0,1,2,,,,,,,,,,,,,,,,0,0,0,0.00,7,1,250,50,,,,0,3,mjng8ph4,201008 Session 3,,,Session 3 NSM,0
22,vdhfkylf,,0,0,74,,,,0,,,0.00,1,0,1,3,1,0,2,,,,,,,,,,,,,,,,0,0,0,0.00,8,3,300,50,,,,0,3,mjng8ph4,201008 Session 3,,,Session 3 NSM,0
23,0crf9q59,,0,0,74,,,,0,,,0.00,2,0,1,3,0,1,2,,,,,,,,,,,,,,,,0,0,0,0.00,8,3,300,50,,,,0,3,mjng8ph4,201008 Session 3,,,Session 3 NSM,0
24,rqncblzz,,0,0,74,,,,0,,,0.00,3,0,1,3,0,1,2,,,,,,,,,,,,,,,,0,0,0,0.00,8,3,300,50,,,,0,3,mjng8ph4,201008 Session 3,,,Session 3 NSM,0
1,2ntkls0n,,0,0,74,,,,0,,,0.00,1,0,1,3,1,0,3,,,,,,,,,,,,,,,,0,0,0,0.00,1,3,300,50,,,,0,4,mjng8ph4,201008 Session 3,,,Session 3 NSM,0
2,7gpkmel9,,0,0,74,,,,0,,,0.00,2,0,1,3,0,1,3,,,,,,,,,,,,,,,,0,0,0,0.00,1,3,300,50,,,,0,4,mjng8ph4,201008 Session 3,,,Session 3 NSM,0
3,es796ou6,,0,0,74,,,,0,,,0.00,3,0,1,3,0,1,3,,,,,,,,,,,,,,,,0,0,0,0.00,1,3,300,50,,,,0,4,mjng8ph4,201008 Session 3,,,Session 3 NSM,0
4,svjydsvf,,0,0,74,,,,0,,,0.00,1,0,1,3,1,0,3,,,,,,,,,,,,,,,,0,0,0,0.00,2,1,250,50,,,,0,4,mjng8ph4,201008 Session 3,,,Session 3 NSM,0
5,to2es1cd,,0,0,74,,,,0,,,0.00,2,0,1,3,0,1,3,,,,,,,,,,,,,,,,0,0,0,0.00,2,1,250,50,,,,0,4,mjng8ph4,201008 Session 3,,,Session 3 NSM,0
6,fed3noki,,0,0,74,,,,0,,,0.00,3,0,1,3,0,1,3,,,,,,,,,,,,,,,,0,0,0,0.00,2,1,250,50,,,,0,4,mjng8ph4,201008 Session 3,,,Session 3 NSM,0
7,5205f3z8,,0,0,74,,,,0,,,0.00,1,0,1,3,1,0,3,,,,,,,,,,,,,,,,0,0,0,0.00,3,2,200,0,,,,0,4,mjng8ph4,201008 Session 3,,,Session 3 NSM,0
8,mi047txm,,0,0,74,,,,0,,,0.00,2,0,1,3,0,1,3,,,,,,,,,,,,,,,,0,0,0,0.00,3,2,200,0,,,,0,4,mjng8ph4,201008 Session 3,,,Session 3 NSM,0
9,zda8a51f,,0,0,74,,,,0,,,0.00,3,0,1,3,0,1,3,,,,,,,,,,,,,,,,0,0,0,0.00,3,2,200,0,,,,0,4,mjng8ph4,201008 Session 3,,,Session 3 NSM,0
10,gtqr9nu5,,0,0,74,,,,0,,,0.00,1,0,1,3,1,0,3,,,,,,,,,,,,,,,,0,0,0,0.00,4,1,250,50,,,,0,4,mjng8ph4,201008 Session 3,,,Session 3 NSM,0
11,55ze659m,,0,0,74,,,,0,,,0.00,2,0,1,3,0,1,3,,,,,,,,,,,,,,,,0,0,0,0.00,4,1,250,50,,,,0,4,mjng8ph4,201008 Session 3,,,Session 3 NSM,0
12,wdvqq1i9,,0,0,74,,,,0,,,0.00,3,0,1,3,0,1,3,,,,,,,,,,,,,,,,0,0,0,0.00,4,1,250,50,,,,0,4,mjng8ph4,201008 Session 3,,,Session 3 NSM,0
13,3zcbff0e,,0,0,74,,,,0,,,0.00,1,0,1,3,1,0,3,,,,,,,,,,,,,,,,0,0,0,0.00,5,3,300,50,,,,0,4,mjng8ph4,201008 Session 3,,,Session 3 NSM,0
14,wgjcsn7x,,0,0,74,,,,0,,,0.00,2,0,1,3,0,1,3,,,,,,,,,,,,,,,,0,0,0,0.00,5,3,300,50,,,,0,4,mjng8ph4,201008 Session 3,,,Session 3 NSM,0
15,u6mp7pg8,,0,0,74,,,,0,,,0.00,3,0,1,3,0,1,3,,,,,,,,,,,,,,,,0,0,0,0.00,5,3,300,50,,,,0,4,mjng8ph4,201008 Session 3,,,Session 3 NSM,0
16,mt0f855h,,0,0,74,,,,0,,,0.00,1,0,1,3,1,0,3,,,,,,,,,,,,,,,,0,0,0,0.00,6,2,200,0,,,,0,4,mjng8ph4,201008 Session 3,,,Session 3 NSM,0
17,vm36ejcx,,0,0,74,,,,0,,,0.00,2,0,1,3,0,1,3,,,,,,,,,,,,,,,,0,0,0,0.00,6,2,200,0,,,,0,4,mjng8ph4,201008 Session 3,,,Session 3 NSM,0
18,y7x8ejk0,,0,0,74,,,,0,,,0.00,3,0,1,3,0,1,3,,,,,,,,,,,,,,,,0,0,0,0.00,6,2,200,0,,,,0,4,mjng8ph4,201008 Session 3,,,Session 3 NSM,0
19,jupozxb0,,0,0,74,,,,0,,,0.00,1,0,1,3,1,0,3,,,,,,,,,,,,,,,,0,0,0,0.00,7,3,300,50,,,,0,4,mjng8ph4,201008 Session 3,,,Session 3 NSM,0
20,sm5vnuz4,,0,0,74,,,,0,,,0.00,2,0,1,3,0,1,3,,,,,,,,,,,,,,,,0,0,0,0.00,7,3,300,50,,,,0,4,mjng8ph4,201008 Session 3,,,Session 3 NSM,0
21,g1fwh1ap,,0,0,74,,,,0,,,0.00,3,0,1,3,0,1,3,,,,,,,,,,,,,,,,0,0,0,0.00,7,3,300,50,,,,0,4,mjng8ph4,201008 Session 3,,,Session 3 NSM,0
22,vdhfkylf,,0,0,74,,,,0,,,0.00,1,0,1,3,1,0,3,,,,,,,,,,,,,,,,0,0,0,0.00,8,1,250,50,,,,0,4,mjng8ph4,201008 Session 3,,,Session 3 NSM,0
23,0crf9q59,,0,0,74,,,,0,,,0.00,2,0,1,3,0,1,3,,,,,,,,,,,,,,,,0,0,0,0.00,8,1,250,50,,,,0,4,mjng8ph4,201008 Session 3,,,Session 3 NSM,0
24,rqncblzz,,0,0,74,,,,0,,,0.00,3,0,1,3,0,1,3,,,,,,,,,,,,,,,,0,0,0,0.00,8,1,250,50,,,,0,4,mjng8ph4,201008 Session 3,,,Session 3 NSM,0
